SNo,County or equivalent,State or district
1,Autauga County,Alabama
2,Baldwin County,Alabama
3,Barbour County,Alabama
4,Bibb County,Alabama
5,Blount County,Alabama
6,Bullock County,Alabama
7,Butler County,Alabama
8,Calhoun County,Alabama
9,Chambers County,Alabama
10,Cherokee County,Alabama
11,Chilton County,Alabama
12,Choctaw County,Alabama
13,Clarke County,Alabama
14,Clay County,Alabama
15,Cleburne County,Alabama
16,Coffee County,Alabama
17,Colbert County,Alabama
18,Conecuh County,Alabama
19,Coosa County,Alabama
20,Covington County,Alabama
21,Crenshaw County,Alabama
22,Cullman County,Alabama
23,Dale County,Alabama
24,Dallas County,Alabama
25,DeKalb County,Alabama
26,Elmore County,Alabama
27,Escambia County,Alabama
28,Etowah County,Alabama
29,Fayette County,Alabama
30,Franklin County,Alabama
31,Geneva County,Alabama
32,Greene County,Alabama
33,Hale County,Alabama
34,Henry County,Alabama
35,Houston County,Alabama
36,Jackson County,Alabama
37,Jefferson County,Alabama
38,Lamar County,Alabama
39,Lauderdale County,Alabama
40,Lawrence County,Alabama
41,Lee County,Alabama
42,Limestone County,Alabama
43,Lowndes County,Alabama
44,Macon County,Alabama
45,Madison County,Alabama
46,Marengo County,Alabama
47,Marion County,Alabama
48,Marshall County,Alabama
49,Mobile County,Alabama
50,Monroe County,Alabama
51,Montgomery County,Alabama
52,Morgan County,Alabama
53,Perry County,Alabama
54,Pickens County,Alabama
55,Pike County,Alabama
56,Randolph County,Alabama
57,Russell County,Alabama
58,St. Clair County,Alabama
59,Shelby County,Alabama
60,Sumter County,Alabama
61,Talladega County,Alabama
62,Tallapoosa County,Alabama
63,Tuscaloosa County,Alabama
64,Walker County,Alabama
65,Washington County,Alabama
66,Wilcox County,Alabama
67,Winston County,Alabama
68,Aleutians East Borough,Alaska
69,Aleutians West Census Area,Alaska
70,"Anchorage, Municipality of",Alaska
71,Bethel Census Area,Alaska
72,Bristol Bay Borough,Alaska
73,Denali Borough,Alaska
74,Dillingham Census Area,Alaska
75,Fairbanks North Star Borough,Alaska
76,Haines Borough,Alaska
77,Hoonah-Angoon Census Area,Alaska
78,"Juneau, City and Borough",Alaska
79,Kenai Peninsula Borough,Alaska
80,Ketchikan Gateway Borough,Alaska
81,Kodiak Island Borough,Alaska
82,Lake and Peninsula Borough,Alaska
83,Matanuska-Susitna Borough,Alaska
84,Nome Census Area,Alaska
85,North Slope Borough,Alaska
86,Northwest Arctic Borough,Alaska
87,Petersburg Census Area,Alaska
88,Prince of Wales-Hyder Census Area,Alaska
89,"Sitka, City and Borough of",Alaska
90,"Skagway Borough, Municipality of",Alaska
91,Southeast Fairbanks Census Area,Alaska
92,Valdez-Cordova Census Area,Alaska
93,Wade Hampton Census Area,Alaska
94,"Wrangell, City and Borough of",Alaska
95,"Yakutat, City and Borough of",Alaska
96,Yukon-Koyukuk Census Area,Alaska
97,Apache County,Arizona
98,Cochise County,Arizona
99,Coconino County,Arizona
100,Gila County,Arizona
101,Graham County,Arizona
102,Greenlee County,Arizona
103,La Paz County,Arizona
104,Maricopa County,Arizona
105,Mohave County,Arizona
106,Navajo County,Arizona
107,Pima County,Arizona
108,Pinal County,Arizona
109,Santa Cruz County,Arizona
110,Yavapai County,Arizona
111,Yuma County,Arizona
112,Arkansas County,Arkansas
113,Ashley County,Arkansas
114,Baxter County,Arkansas
115,Benton County,Arkansas
116,Boone County,Arkansas
117,Bradley County,Arkansas
118,Calhoun County,Arkansas
119,Carroll County,Arkansas
120,Chicot County,Arkansas
121,Clark County,Arkansas
122,Clay County,Arkansas
123,Cleburne County,Arkansas
124,Cleveland County,Arkansas
125,Columbia County,Arkansas
126,Conway County,Arkansas
127,Craighead County,Arkansas
128,Crawford County,Arkansas
129,Crittenden County,Arkansas
130,Cross County,Arkansas
131,Dallas County,Arkansas
132,Desha County,Arkansas
133,Drew County,Arkansas
134,Faulkner County,Arkansas
135,Franklin County,Arkansas
136,Fulton County,Arkansas
137,Garland County,Arkansas
138,Grant County,Arkansas
139,Greene County,Arkansas
140,Hempstead County,Arkansas
141,Hot Spring County,Arkansas
142,Howard County,Arkansas
143,Independence County,Arkansas
144,Izard County,Arkansas
145,Jackson County,Arkansas
146,Jefferson County,Arkansas
147,Johnson County,Arkansas
148,Lafayette County,Arkansas
149,Lawrence County,Arkansas
150,Lee County,Arkansas
151,Lincoln County,Arkansas
152,Little River County,Arkansas
153,Logan County,Arkansas
154,Lonoke County,Arkansas
155,Madison County,Arkansas
156,Marion County,Arkansas
157,Miller County,Arkansas
158,Mississippi County,Arkansas
159,Monroe County,Arkansas
160,Montgomery County,Arkansas
161,Nevada County,Arkansas
162,Newton County,Arkansas
163,Ouachita County,Arkansas
164,Perry County,Arkansas
165,Phillips County,Arkansas
166,Pike County,Arkansas
167,Poinsett County,Arkansas
168,Polk County,Arkansas
169,Pope County,Arkansas
170,Prairie County,Arkansas
171,Pulaski County,Arkansas
172,Randolph County,Arkansas
173,St. Francis County,Arkansas
174,Saline County,Arkansas
175,Scott County,Arkansas
176,Searcy County,Arkansas
177,Sebastian County,Arkansas
178,Sevier County,Arkansas
179,Sharp County,Arkansas
180,Stone County,Arkansas
181,Union County,Arkansas
182,Van Buren County,Arkansas
183,Washington County,Arkansas
184,White County,Arkansas
185,Woodruff County,Arkansas
186,Yell County,Arkansas
187,Alameda County,California
188,Alpine County,California
189,Amador County,California
190,Butte County,California
191,Calaveras County,California
192,Colusa County,California
193,Contra Costa County,California
194,Del Norte County,California
195,El Dorado County,California
196,Fresno County,California
197,Glenn County,California
198,Humboldt County,California
199,Imperial County,California
200,Inyo County,California
201,Kern County,California
202,Kings County,California
203,Lake County,California
204,Lassen County,California
205,Los Angeles County,California
206,Madera County,California
207,Marin County,California
208,Mariposa County,California
209,Mendocino County,California
210,Merced County,California
211,Modoc County,California
212,Mono County,California
213,Monterey County,California
214,Napa County,California
215,Nevada County,California
216,Orange County,California
217,Placer County,California
218,Plumas County,California
219,Riverside County,California
220,Sacramento County,California
221,San Benito County,California
222,San Bernardino County,California
223,San Diego County,California
224,"San Francisco, City and County of",California
225,San Joaquin County,California
226,San Luis Obispo County,California
227,San Mateo County,California
228,Santa Barbara County,California
229,Santa Clara County,California
230,Santa Cruz County,California
231,Shasta County,California
232,Sierra County,California
233,Siskiyou County,California
234,Solano County,California
235,Sonoma County,California
236,Stanislaus County,California
237,Sutter County,California
238,Tehama County,California
239,Trinity County,California
240,Tulare County,California
241,Tuolumne County,California
242,Ventura County,California
243,Yolo County,California
244,Yuba County,California
245,Adams County,Colorado
246,Alamosa County,Colorado
247,Arapahoe County,Colorado
248,Archuleta County,Colorado
249,Baca County,Colorado
250,Bent County,Colorado
251,Boulder County,Colorado
252,"Broomfield, City and County of",Colorado
253,Chaffee County,Colorado
254,Cheyenne County,Colorado
255,Clear Creek County,Colorado
256,Conejos County,Colorado
257,Costilla County,Colorado
258,Crowley County,Colorado
259,Custer County,Colorado
260,Delta County,Colorado
261,"Denver, City and County of",Colorado
262,Dolores County,Colorado
263,Douglas County,Colorado
264,Eagle County,Colorado
265,Elbert County,Colorado
266,El Paso County,Colorado
267,Fremont County,Colorado
268,Garfield County,Colorado
269,Gilpin County,Colorado
270,Grand County,Colorado
271,Gunnison County,Colorado
272,Hinsdale County,Colorado
273,Huerfano County,Colorado
274,Jackson County,Colorado
275,Jefferson County,Colorado
276,Kiowa County,Colorado
277,Kit Carson County,Colorado
278,Lake County,Colorado
279,La Plata County,Colorado
280,Larimer County,Colorado
281,Las Animas County,Colorado
282,Lincoln County,Colorado
283,Logan County,Colorado
284,Mesa County,Colorado
285,Mineral County,Colorado
286,Moffat County,Colorado
287,Montezuma County,Colorado
288,Montrose County,Colorado
289,Morgan County,Colorado
290,Otero County,Colorado
291,Ouray County,Colorado
292,Park County,Colorado
293,Phillips County,Colorado
294,Pitkin County,Colorado
295,Prowers County,Colorado
296,Pueblo County,Colorado
297,Rio Blanco County,Colorado
298,Rio Grande County,Colorado
299,Routt County,Colorado
300,Saguache County,Colorado
301,San Juan County,Colorado
302,San Miguel County,Colorado
303,Sedgwick County,Colorado
304,Summit County,Colorado
305,Teller County,Colorado
306,Washington County,Colorado
307,Weld County,Colorado
308,Yuma County,Colorado
309,Fairfield County,Connecticut
310,Hartford County,Connecticut
311,Litchfield County,Connecticut
312,Middlesex County,Connecticut
313,New Haven County,Connecticut
314,New London County,Connecticut
315,Tolland County,Connecticut
316,Windham County,Connecticut
317,Kent County,Delaware
318,New Castle County,Delaware
319,Sussex County,Delaware
320,District of Columbia,District of Columbia
321,Alachua County,Florida
322,Baker County,Florida
323,Bay County,Florida
324,Bradford County,Florida
325,Brevard County,Florida
326,Broward County,Florida
327,Calhoun County,Florida
328,Charlotte County,Florida
329,Citrus County,Florida
330,Clay County,Florida
331,Collier County,Florida
332,Columbia County,Florida
333,DeSoto County,Florida
334,Dixie County,Florida
335,Duval County,Florida
336,Escambia County,Florida
337,Flagler County,Florida
338,Franklin County,Florida
339,Gadsden County,Florida
340,Gilchrist County,Florida
341,Glades County,Florida
342,Gulf County,Florida
343,Hamilton County,Florida
344,Hardee County,Florida
345,Hendry County,Florida
346,Hernando County,Florida
347,Highlands County,Florida
348,Hillsborough County,Florida
349,Holmes County,Florida
350,Indian River County,Florida
351,Jackson County,Florida
352,Jefferson County,Florida
353,Lafayette County,Florida
354,Lake County,Florida
355,Lee County,Florida
356,Leon County,Florida
357,Levy County,Florida
358,Liberty County,Florida
359,Madison County,Florida
360,Manatee County,Florida
361,Marion County,Florida
362,Martin County,Florida
363,Miami-Dade County,Florida
364,Monroe County,Florida
365,Nassau County,Florida
366,Okaloosa County,Florida
367,Okeechobee County,Florida
368,Orange County,Florida
369,Osceola County,Florida
370,Palm Beach County,Florida
371,Pasco County,Florida
372,Pinellas County,Florida
373,Polk County,Florida
374,Putnam County,Florida
375,St. Johns County,Florida
376,St. Lucie County,Florida
377,Santa Rosa County,Florida
378,Sarasota County,Florida
379,Seminole County,Florida
380,Sumter County,Florida
381,Suwannee County,Florida
382,Taylor County,Florida
383,Union County,Florida
384,Volusia County,Florida
385,Wakulla County,Florida
386,Walton County,Florida
387,Washington County,Florida
388,Appling County,Georgia
389,Atkinson County,Georgia
390,Bacon County,Georgia
391,Baker County,Georgia
392,Baldwin County,Georgia
393,Banks County,Georgia
394,Barrow County,Georgia
395,Bartow County,Georgia
396,Ben Hill County,Georgia
397,Berrien County,Georgia
398,Bibb County,Georgia
399,Bleckley County,Georgia
400,Brantley County,Georgia
401,Brooks County,Georgia
402,Bryan County,Georgia
403,Bulloch County,Georgia
404,Burke County,Georgia
405,Butts County,Georgia
406,Calhoun County,Georgia
407,Camden County,Georgia
408,Candler County,Georgia
409,Carroll County,Georgia
410,Catoosa County,Georgia
411,Charlton County,Georgia
412,Chatham County,Georgia
413,Chattahoochee County,Georgia
414,Chattooga County,Georgia
415,Cherokee County,Georgia
416,Clarke County,Georgia
417,Clay County,Georgia
418,Clayton County,Georgia
419,Clinch County,Georgia
420,Cobb County,Georgia
421,Coffee County,Georgia
422,Colquitt County,Georgia
423,Columbia County,Georgia
424,Cook County,Georgia
425,Coweta County,Georgia
426,Crawford County,Georgia
427,Crisp County,Georgia
428,Dade County,Georgia
429,Dawson County,Georgia
430,Decatur County,Georgia
431,DeKalb County,Georgia
432,Dodge County,Georgia
433,Dooly County,Georgia
434,Dougherty County,Georgia
435,Douglas County,Georgia
436,Early County,Georgia
437,Echols County,Georgia
438,Effingham County,Georgia
439,Elbert County,Georgia
440,Emanuel County,Georgia
441,Evans County,Georgia
442,Fannin County,Georgia
443,Fayette County,Georgia
444,Floyd County,Georgia
445,Forsyth County,Georgia
446,Franklin County,Georgia
447,Fulton County,Georgia
448,Gilmer County,Georgia
449,Glascock County,Georgia
450,Glynn County,Georgia
451,Gordon County,Georgia
452,Grady County,Georgia
453,Greene County,Georgia
454,Gwinnett County,Georgia
455,Habersham County,Georgia
456,Hall County,Georgia
457,Hancock County,Georgia
458,Haralson County,Georgia
459,Harris County,Georgia
460,Hart County,Georgia
461,Heard County,Georgia
462,Henry County,Georgia
463,Houston County,Georgia
464,Irwin County,Georgia
465,Jackson County,Georgia
466,Jasper County,Georgia
467,Jeff Davis County,Georgia
468,Jefferson County,Georgia
469,Jenkins County,Georgia
470,Johnson County,Georgia
471,Jones County,Georgia
472,Lamar County,Georgia
473,Lanier County,Georgia
474,Laurens County,Georgia
475,Lee County,Georgia
476,Liberty County,Georgia
477,Lincoln County,Georgia
478,Long County,Georgia
479,Lowndes County,Georgia
480,Lumpkin County,Georgia
481,McDuffie County,Georgia
482,McIntosh County,Georgia
483,Macon County,Georgia
484,Madison County,Georgia
485,Marion County,Georgia
486,Meriwether County,Georgia
487,Miller County,Georgia
488,Mitchell County,Georgia
489,Monroe County,Georgia
490,Montgomery County,Georgia
491,Morgan County,Georgia
492,Murray County,Georgia
493,Muscogee County,Georgia
494,Newton County,Georgia
495,Oconee County,Georgia
496,Oglethorpe County,Georgia
497,Paulding County,Georgia
498,Peach County,Georgia
499,Pickens County,Georgia
500,Pierce County,Georgia
501,Pike County,Georgia
502,Polk County,Georgia
503,Pulaski County,Georgia
504,Putnam County,Georgia
505,Quitman County,Georgia
506,Rabun County,Georgia
507,Randolph County,Georgia
508,Richmond County,Georgia
509,Rockdale County,Georgia
510,Schley County,Georgia
511,Screven County,Georgia
512,Seminole County,Georgia
513,Spalding County,Georgia
514,Stephens County,Georgia
515,Stewart County,Georgia
516,Sumter County,Georgia
517,Talbot County,Georgia
518,Taliaferro County,Georgia
519,Tattnall County,Georgia
520,Taylor County,Georgia
521,Telfair County,Georgia
522,Terrell County,Georgia
523,Thomas County,Georgia
524,Tift County,Georgia
525,Toombs County,Georgia
526,Towns County,Georgia
527,Treutlen County,Georgia
528,Troup County,Georgia
529,Turner County,Georgia
530,Twiggs County,Georgia
531,Union County,Georgia
532,Upson County,Georgia
533,Walker County,Georgia
534,Walton County,Georgia
535,Ware County,Georgia
536,Warren County,Georgia
537,Washington County,Georgia
538,Wayne County,Georgia
539,Webster County,Georgia
540,Wheeler County,Georgia
541,White County,Georgia
542,Whitfield County,Georgia
543,Wilcox County,Georgia
544,Wilkes County,Georgia
545,Wilkinson County,Georgia
546,Worth County,Georgia
547,Hawaii County,Hawai?i
548,"Honolulu, City and County of",Hawai?i
549,Kalawao County,Hawai?i
550,Kauai County,Hawai?i
551,Maui County,Hawai?i
552,Ada County,Idaho
553,Adams County,Idaho
554,Bannock County,Idaho
555,Bear Lake County,Idaho
556,Benewah County,Idaho
557,Bingham County,Idaho
558,Blaine County,Idaho
559,Boise County,Idaho
560,Bonner County,Idaho
561,Bonneville County,Idaho
562,Boundary County,Idaho
563,Butte County,Idaho
564,Camas County,Idaho
565,Canyon County,Idaho
566,Caribou County,Idaho
567,Cassia County,Idaho
568,Clark County,Idaho
569,Clearwater County,Idaho
570,Custer County,Idaho
571,Elmore County,Idaho
572,Franklin County,Idaho
573,Fremont County,Idaho
574,Gem County,Idaho
575,Gooding County,Idaho
576,Idaho County,Idaho
577,Jefferson County,Idaho
578,Jerome County,Idaho
579,Kootenai County,Idaho
580,Latah County,Idaho
581,Lemhi County,Idaho
582,Lewis County,Idaho
583,Lincoln County,Idaho
584,Madison County,Idaho
585,Minidoka County,Idaho
586,Nez Perce County,Idaho
587,Oneida County,Idaho
588,Owyhee County,Idaho
589,Payette County,Idaho
590,Power County,Idaho
591,Shoshone County,Idaho
592,Teton County,Idaho
593,Twin Falls County,Idaho
594,Valley County,Idaho
595,Washington County,Idaho
596,Adams County,Illinois
597,Alexander County,Illinois
598,Bond County,Illinois
599,Boone County,Illinois
600,Brown County,Illinois
601,Bureau County,Illinois
602,Calhoun County,Illinois
603,Carroll County,Illinois
604,Cass County,Illinois
605,Champaign County,Illinois
606,Christian County,Illinois
607,Clark County,Illinois
608,Clay County,Illinois
609,Clinton County,Illinois
610,Coles County,Illinois
611,Cook County,Illinois
612,Crawford County,Illinois
613,Cumberland County,Illinois
614,DeKalb County,Illinois
615,De Witt County,Illinois
616,Douglas County,Illinois
617,DuPage County,Illinois
618,Edgar County,Illinois
619,Edwards County,Illinois
620,Effingham County,Illinois
621,Fayette County,Illinois
622,Ford County,Illinois
623,Franklin County,Illinois
624,Fulton County,Illinois
625,Gallatin County,Illinois
626,Greene County,Illinois
627,Grundy County,Illinois
628,Hamilton County,Illinois
629,Hancock County,Illinois
630,Hardin County,Illinois
631,Henderson County,Illinois
632,Henry County,Illinois
633,Iroquois County,Illinois
634,Jackson County,Illinois
635,Jasper County,Illinois
636,Jefferson County,Illinois
637,Jersey County,Illinois
638,Jo Daviess County,Illinois
639,Johnson County,Illinois
640,Kane County,Illinois
641,Kankakee County,Illinois
642,Kendall County,Illinois
643,Knox County,Illinois
644,Lake County,Illinois
645,LaSalle County,Illinois
646,Lawrence County,Illinois
647,Lee County,Illinois
648,Livingston County,Illinois
649,Logan County,Illinois
650,McDonough County,Illinois
651,McHenry County,Illinois
652,McLean County,Illinois
653,Macon County,Illinois
654,Macoupin County,Illinois
655,Madison County,Illinois
656,Marion County,Illinois
657,Marshall County,Illinois
658,Mason County,Illinois
659,Massac County,Illinois
660,Menard County,Illinois
661,Mercer County,Illinois
662,Monroe County,Illinois
663,Montgomery County,Illinois
664,Morgan County,Illinois
665,Moultrie County,Illinois
666,Ogle County,Illinois
667,Peoria County,Illinois
668,Perry County,Illinois
669,Piatt County,Illinois
670,Pike County,Illinois
671,Pope County,Illinois
672,Pulaski County,Illinois
673,Putnam County,Illinois
674,Randolph County,Illinois
675,Richland County,Illinois
676,Rock Island County,Illinois
677,St. Clair County,Illinois
678,Saline County,Illinois
679,Sangamon County,Illinois
680,Schuyler County,Illinois
681,Scott County,Illinois
682,Shelby County,Illinois
683,Stark County,Illinois
684,Stephenson County,Illinois
685,Tazewell County,Illinois
686,Union County,Illinois
687,Vermilion County,Illinois
688,Wabash County,Illinois
689,Warren County,Illinois
690,Washington County,Illinois
691,Wayne County,Illinois
692,White County,Illinois
693,Whiteside County,Illinois
694,Will County,Illinois
695,Williamson County,Illinois
696,Winnebago County,Illinois
697,Woodford County,Illinois
698,Adams County,Indiana
699,Allen County,Indiana
700,Bartholomew County,Indiana
701,Benton County,Indiana
702,Blackford County,Indiana
703,Boone County,Indiana
704,Brown County,Indiana
705,Carroll County,Indiana
706,Cass County,Indiana
707,Clark County,Indiana
708,Clay County,Indiana
709,Clinton County,Indiana
710,Crawford County,Indiana
711,Daviess County,Indiana
712,Dearborn County,Indiana
713,Decatur County,Indiana
714,DeKalb County,Indiana
715,Delaware County,Indiana
716,Dubois County,Indiana
717,Elkhart County,Indiana
718,Fayette County,Indiana
719,Floyd County,Indiana
720,Fountain County,Indiana
721,Franklin County,Indiana
722,Fulton County,Indiana
723,Gibson County,Indiana
724,Grant County,Indiana
725,Greene County,Indiana
726,Hamilton County,Indiana
727,Hancock County,Indiana
728,Harrison County,Indiana
729,Hendricks County,Indiana
730,Henry County,Indiana
731,Howard County,Indiana
732,Huntington County,Indiana
733,Jackson County,Indiana
734,Jasper County,Indiana
735,Jay County,Indiana
736,Jefferson County,Indiana
737,Jennings County,Indiana
738,Johnson County,Indiana
739,Knox County,Indiana
740,Kosciusko County,Indiana
741,LaGrange County,Indiana
742,Lake County,Indiana
743,LaPorte County,Indiana
744,Lawrence County,Indiana
745,Madison County,Indiana
746,Marion County,Indiana
747,Marshall County,Indiana
748,Martin County,Indiana
749,Miami County,Indiana
750,Monroe County,Indiana
751,Montgomery County,Indiana
752,Morgan County,Indiana
753,Newton County,Indiana
754,Noble County,Indiana
755,Ohio County,Indiana
756,Orange County,Indiana
757,Owen County,Indiana
758,Parke County,Indiana
759,Perry County,Indiana
760,Pike County,Indiana
761,Porter County,Indiana
762,Posey County,Indiana
763,Pulaski County,Indiana
764,Putnam County,Indiana
765,Randolph County,Indiana
766,Ripley County,Indiana
767,Rush County,Indiana
768,St. Joseph County,Indiana
769,Scott County,Indiana
770,Shelby County,Indiana
771,Spencer County,Indiana
772,Starke County,Indiana
773,Steuben County,Indiana
774,Sullivan County,Indiana
775,Switzerland County,Indiana
776,Tippecanoe County,Indiana
777,Tipton County,Indiana
778,Union County,Indiana
779,Vanderburgh County,Indiana
780,Vermillion County,Indiana
781,Vigo County,Indiana
782,Wabash County,Indiana
783,Warren County,Indiana
784,Warrick County,Indiana
785,Washington County,Indiana
786,Wayne County,Indiana
787,Wells County,Indiana
788,White County,Indiana
789,Whitley County,Indiana
790,Adair County,Iowa
791,Adams County,Iowa
792,Allamakee County,Iowa
793,Appanoose County,Iowa
794,Audubon County,Iowa
795,Benton County,Iowa
796,Black Hawk County,Iowa
797,Boone County,Iowa
798,Bremer County,Iowa
799,Buchanan County,Iowa
800,Buena Vista County,Iowa
801,Butler County,Iowa
802,Calhoun County,Iowa
803,Carroll County,Iowa
804,Cass County,Iowa
805,Cedar County,Iowa
806,Cerro Gordo County,Iowa
807,Cherokee County,Iowa
808,Chickasaw County,Iowa
809,Clarke County,Iowa
810,Clay County,Iowa
811,Clayton County,Iowa
812,Clinton County,Iowa
813,Crawford County,Iowa
814,Dallas County,Iowa
815,Davis County,Iowa
816,Decatur County,Iowa
817,Delaware County,Iowa
818,Des Moines County,Iowa
819,Dickinson County,Iowa
820,Dubuque County,Iowa
821,Emmet County,Iowa
822,Fayette County,Iowa
823,Floyd County,Iowa
824,Franklin County,Iowa
825,Fremont County,Iowa
826,Greene County,Iowa
827,Grundy County,Iowa
828,Guthrie County,Iowa
829,Hamilton County,Iowa
830,Hancock County,Iowa
831,Hardin County,Iowa
832,Harrison County,Iowa
833,Henry County,Iowa
834,Howard County,Iowa
835,Humboldt County,Iowa
836,Ida County,Iowa
837,Iowa County,Iowa
838,Jackson County,Iowa
839,Jasper County,Iowa
840,Jefferson County,Iowa
841,Johnson County,Iowa
842,Jones County,Iowa
843,Keokuk County,Iowa
844,Kossuth County,Iowa
845,Lee County,Iowa
846,Linn County,Iowa
847,Louisa County,Iowa
848,Lucas County,Iowa
849,Lyon County,Iowa
850,Madison County,Iowa
851,Mahaska County,Iowa
852,Marion County,Iowa
853,Marshall County,Iowa
854,Mills County,Iowa
855,Mitchell County,Iowa
856,Monona County,Iowa
857,Monroe County,Iowa
858,Montgomery County,Iowa
859,Muscatine County,Iowa
860,O'Brien County,Iowa
861,Osceola County,Iowa
862,Page County,Iowa
863,Palo Alto County,Iowa
864,Plymouth County,Iowa
865,Pocahontas County,Iowa
866,Polk County,Iowa
867,Pottawattamie County,Iowa
868,Poweshiek County,Iowa
869,Ringgold County,Iowa
870,Sac County,Iowa
871,Scott County,Iowa
872,Shelby County,Iowa
873,Sioux County,Iowa
874,Story County,Iowa
875,Tama County,Iowa
876,Taylor County,Iowa
877,Union County,Iowa
878,Van Buren County,Iowa
879,Wapello County,Iowa
880,Warren County,Iowa
881,Washington County,Iowa
882,Wayne County,Iowa
883,Webster County,Iowa
884,Winnebago County,Iowa
885,Winneshiek County,Iowa
886,Woodbury County,Iowa
887,Worth County,Iowa
888,Wright County,Iowa
889,Allen County,Kansas
890,Anderson County,Kansas
891,Atchison County,Kansas
892,Barber County,Kansas
893,Barton County,Kansas
894,Bourbon County,Kansas
895,Brown County,Kansas
896,Butler County,Kansas
897,Chase County,Kansas
898,Chautauqua County,Kansas
899,Cherokee County,Kansas
900,Cheyenne County,Kansas
901,Clark County,Kansas
902,Clay County,Kansas
903,Cloud County,Kansas
904,Coffey County,Kansas
905,Comanche County,Kansas
906,Cowley County,Kansas
907,Crawford County,Kansas
908,Decatur County,Kansas
909,Dickinson County,Kansas
910,Doniphan County,Kansas
911,Douglas County,Kansas
912,Edwards County,Kansas
913,Elk County,Kansas
914,Ellis County,Kansas
915,Ellsworth County,Kansas
916,Finney County,Kansas
917,Ford County,Kansas
918,Franklin County,Kansas
919,Geary County,Kansas
920,Gove County,Kansas
921,Graham County,Kansas
922,Grant County,Kansas
923,Gray County,Kansas
924,Greeley County,Kansas
925,Greenwood County,Kansas
926,Hamilton County,Kansas
927,Harper County,Kansas
928,Harvey County,Kansas
929,Haskell County,Kansas
930,Hodgeman County,Kansas
931,Jackson County,Kansas
932,Jefferson County,Kansas
933,Jewell County,Kansas
934,Johnson County,Kansas
935,Kearny County,Kansas
936,Kingman County,Kansas
937,Kiowa County,Kansas
938,Labette County,Kansas
939,Lane County,Kansas
940,Leavenworth County,Kansas
941,Lincoln County,Kansas
942,Linn County,Kansas
943,Logan County,Kansas
944,Lyon County,Kansas
945,McPherson County,Kansas
946,Marion County,Kansas
947,Marshall County,Kansas
948,Meade County,Kansas
949,Miami County,Kansas
950,Mitchell County,Kansas
951,Montgomery County,Kansas
952,Morris County,Kansas
953,Morton County,Kansas
954,Nemaha County,Kansas
955,Neosho County,Kansas
956,Ness County,Kansas
957,Norton County,Kansas
958,Osage County,Kansas
959,Osborne County,Kansas
960,Ottawa County,Kansas
961,Pawnee County,Kansas
962,Phillips County,Kansas
963,Pottawatomie County,Kansas
964,Pratt County,Kansas
965,Rawlins County,Kansas
966,Reno County,Kansas
967,Republic County,Kansas
968,Rice County,Kansas
969,Riley County,Kansas
970,Rooks County,Kansas
971,Rush County,Kansas
972,Russell County,Kansas
973,Saline County,Kansas
974,Scott County,Kansas
975,Sedgwick County,Kansas
976,Seward County,Kansas
977,Shawnee County,Kansas
978,Sheridan County,Kansas
979,Sherman County,Kansas
980,Smith County,Kansas
981,Stafford County,Kansas
982,Stanton County,Kansas
983,Stevens County,Kansas
984,Sumner County,Kansas
985,Thomas County,Kansas
986,Trego County,Kansas
987,Wabaunsee County,Kansas
988,Wallace County,Kansas
989,Washington County,Kansas
990,Wichita County,Kansas
991,Wilson County,Kansas
992,Woodson County,Kansas
993,Wyandotte County,Kansas
994,Adair County,Kentucky
995,Allen County,Kentucky
996,Anderson County,Kentucky
997,Ballard County,Kentucky
998,Barren County,Kentucky
999,Bath County,Kentucky
1000,Bell County,Kentucky
1001,Boone County,Kentucky
1002,Bourbon County,Kentucky
1003,Boyd County,Kentucky
1004,Boyle County,Kentucky
1005,Bracken County,Kentucky
1006,Breathitt County,Kentucky
1007,Breckinridge County,Kentucky
1008,Bullitt County,Kentucky
1009,Butler County,Kentucky
1010,Caldwell County,Kentucky
1011,Calloway County,Kentucky
1012,Campbell County,Kentucky
1013,Carlisle County,Kentucky
1014,Carroll County,Kentucky
1015,Carter County,Kentucky
1016,Casey County,Kentucky
1017,Christian County,Kentucky
1018,Clark County,Kentucky
1019,Clay County,Kentucky
1020,Clinton County,Kentucky
1021,Crittenden County,Kentucky
1022,Cumberland County,Kentucky
1023,Daviess County,Kentucky
1024,Edmonson County,Kentucky
1025,Elliott County,Kentucky
1026,Estill County,Kentucky
1027,Fayette County,Kentucky
1028,Fleming County,Kentucky
1029,Floyd County,Kentucky
1030,Franklin County,Kentucky
1031,Fulton County,Kentucky
1032,Gallatin County,Kentucky
1033,Garrard County,Kentucky
1034,Grant County,Kentucky
1035,Graves County,Kentucky
1036,Grayson County,Kentucky
1037,Green County,Kentucky
1038,Greenup County,Kentucky
1039,Hancock County,Kentucky
1040,Hardin County,Kentucky
1041,Harlan County,Kentucky
1042,Harrison County,Kentucky
1043,Hart County,Kentucky
1044,Henderson County,Kentucky
1045,Henry County,Kentucky
1046,Hickman County,Kentucky
1047,Hopkins County,Kentucky
1048,Jackson County,Kentucky
1049,Jefferson County,Kentucky
1050,Jessamine County,Kentucky
1051,Johnson County,Kentucky
1052,Kenton County,Kentucky
1053,Knott County,Kentucky
1054,Knox County,Kentucky
1055,Larue County,Kentucky
1056,Laurel County,Kentucky
1057,Lawrence County,Kentucky
1058,Lee County,Kentucky
1059,Leslie County,Kentucky
1060,Letcher County,Kentucky
1061,Lewis County,Kentucky
1062,Lincoln County,Kentucky
1063,Livingston County,Kentucky
1064,Logan County,Kentucky
1065,Lyon County,Kentucky
1066,McCracken County,Kentucky
1067,McCreary County,Kentucky
1068,McLean County,Kentucky
1069,Madison County,Kentucky
1070,Magoffin County,Kentucky
1071,Marion County,Kentucky
1072,Marshall County,Kentucky
1073,Martin County,Kentucky
1074,Mason County,Kentucky
1075,Meade County,Kentucky
1076,Menifee County,Kentucky
1077,Mercer County,Kentucky
1078,Metcalfe County,Kentucky
1079,Monroe County,Kentucky
1080,Montgomery County,Kentucky
1081,Morgan County,Kentucky
1082,Muhlenberg County,Kentucky
1083,Nelson County,Kentucky
1084,Nicholas County,Kentucky
1085,Ohio County,Kentucky
1086,Oldham County,Kentucky
1087,Owen County,Kentucky
1088,Owsley County,Kentucky
1089,Pendleton County,Kentucky
1090,Perry County,Kentucky
1091,Pike County,Kentucky
1092,Powell County,Kentucky
1093,Pulaski County,Kentucky
1094,Robertson County,Kentucky
1095,Rockcastle County,Kentucky
1096,Rowan County,Kentucky
1097,Russell County,Kentucky
1098,Scott County,Kentucky
1099,Shelby County,Kentucky
1100,Simpson County,Kentucky
1101,Spencer County,Kentucky
1102,Taylor County,Kentucky
1103,Todd County,Kentucky
1104,Trigg County,Kentucky
1105,Trimble County,Kentucky
1106,Union County,Kentucky
1107,Warren County,Kentucky
1108,Washington County,Kentucky
1109,Wayne County,Kentucky
1110,Webster County,Kentucky
1111,Whitley County,Kentucky
1112,Wolfe County,Kentucky
1113,Woodford County,Kentucky
1114,Acadia Parish,Louisiana
1115,Allen Parish,Louisiana
1116,Ascension Parish,Louisiana
1117,Assumption Parish,Louisiana
1118,Avoyelles Parish,Louisiana
1119,Beauregard Parish,Louisiana
1120,Bienville Parish,Louisiana
1121,Bossier Parish,Louisiana
1122,Caddo Parish,Louisiana
1123,Calcasieu Parish,Louisiana
1124,Caldwell Parish,Louisiana
1125,Cameron Parish,Louisiana
1126,Catahoula Parish,Louisiana
1127,Claiborne Parish,Louisiana
1128,Concordia Parish,Louisiana
1129,De Soto Parish,Louisiana
1130,East Baton Rouge Parish,Louisiana
1131,East Carroll Parish,Louisiana
1132,East Feliciana Parish,Louisiana
1133,Evangeline Parish,Louisiana
1134,Franklin Parish,Louisiana
1135,Grant Parish,Louisiana
1136,Iberia Parish,Louisiana
1137,Iberville Parish,Louisiana
1138,Jackson Parish,Louisiana
1139,Jefferson Parish,Louisiana
1140,Jefferson Davis Parish,Louisiana
1141,Lafayette Parish,Louisiana
1142,Lafourche Parish,Louisiana
1143,LaSalle Parish,Louisiana
1144,Lincoln Parish,Louisiana
1145,Livingston Parish,Louisiana
1146,Madison Parish,Louisiana
1147,Morehouse Parish,Louisiana
1148,Natchitoches Parish,Louisiana
1149,Orleans Parish,Louisiana
1150,Ouachita Parish,Louisiana
1151,Plaquemines Parish,Louisiana
1152,Pointe Coupee Parish,Louisiana
1153,Rapides Parish,Louisiana
1154,Red River Parish,Louisiana
1155,Richland Parish,Louisiana
1156,Sabine Parish,Louisiana
1157,St. Bernard Parish,Louisiana
1158,St. Charles Parish,Louisiana
1159,St. Helena Parish,Louisiana
1160,St. James Parish,Louisiana
1161,St. John the Baptist Parish,Louisiana
1162,St. Landry Parish,Louisiana
1163,St. Martin Parish,Louisiana
1164,St. Mary Parish,Louisiana
1165,St. Tammany Parish,Louisiana
1166,Tangipahoa Parish,Louisiana
1167,Tensas Parish,Louisiana
1168,Terrebonne Parish,Louisiana
1169,Union Parish,Louisiana
1170,Vermilion Parish,Louisiana
1171,Vernon Parish,Louisiana
1172,Washington Parish,Louisiana
1173,Webster Parish,Louisiana
1174,West Baton Rouge Parish,Louisiana
1175,West Carroll Parish,Louisiana
1176,West Feliciana Parish,Louisiana
1177,Winn Parish,Louisiana
1178,Androscoggin County,Maine
1179,Aroostook County,Maine
1180,Cumberland County,Maine
1181,Franklin County,Maine
1182,Hancock County,Maine
1183,Kennebec County,Maine
1184,Knox County,Maine
1185,Lincoln County,Maine
1186,Oxford County,Maine
1187,Penobscot County,Maine
1188,Piscataquis County,Maine
1189,Sagadahoc County,Maine
1190,Somerset County,Maine
1191,Waldo County,Maine
1192,Washington County,Maine
1193,York County,Maine
1194,Allegany County,Maryland
1195,Anne Arundel County,Maryland
1196,Baltimore County,Maryland
1197,Calvert County,Maryland
1198,Caroline County,Maryland
1199,Carroll County,Maryland
1200,Cecil County,Maryland
1201,Charles County,Maryland
1202,Dorchester County,Maryland
1203,Frederick County,Maryland
1204,Garrett County,Maryland
1205,Harford County,Maryland
1206,Howard County,Maryland
1207,Kent County,Maryland
1208,Montgomery County,Maryland
1209,Prince George's County,Maryland
1210,Queen Anne's County,Maryland
1211,St. Mary's County,Maryland
1212,Somerset County,Maryland
1213,Talbot County,Maryland
1214,Washington County,Maryland
1215,Wicomico County,Maryland
1216,Worcester County,Maryland
1217,"Baltimore, City of",Maryland
1218,Barnstable County,Massachusetts
1219,Berkshire County,Massachusetts
1220,Bristol County,Massachusetts
1221,Dukes County,Massachusetts
1222,Essex County,Massachusetts
1223,Franklin County,Massachusetts
1224,Hampden County,Massachusetts
1225,Hampshire County,Massachusetts
1226,Middlesex County,Massachusetts
1227,"Nantucket, Town and County of",Massachusetts
1228,Norfolk County,Massachusetts
1229,Plymouth County,Massachusetts
1230,Suffolk County,Massachusetts
1231,Worcester County,Massachusetts
1232,Alcona County,Michigan
1233,Alger County,Michigan
1234,Allegan County,Michigan
1235,Alpena County,Michigan
1236,Antrim County,Michigan
1237,Arenac County,Michigan
1238,Baraga County,Michigan
1239,Barry County,Michigan
1240,Bay County,Michigan
1241,Benzie County,Michigan
1242,Berrien County,Michigan
1243,Branch County,Michigan
1244,Calhoun County,Michigan
1245,Cass County,Michigan
1246,Charlevoix County,Michigan
1247,Cheboygan County,Michigan
1248,Chippewa County,Michigan
1249,Clare County,Michigan
1250,Clinton County,Michigan
1251,Crawford County,Michigan
1252,Delta County,Michigan
1253,Dickinson County,Michigan
1254,Eaton County,Michigan
1255,Emmet County,Michigan
1256,Genesee County,Michigan
1257,Gladwin County,Michigan
1258,Gogebic County,Michigan
1259,Grand Traverse County,Michigan
1260,Gratiot County,Michigan
1261,Hillsdale County,Michigan
1262,Houghton County,Michigan
1263,Huron County,Michigan
1264,Ingham County,Michigan
1265,Ionia County,Michigan
1266,Iosco County,Michigan
1267,Iron County,Michigan
1268,Isabella County,Michigan
1269,Jackson County,Michigan
1270,Kalamazoo County,Michigan
1271,Kalkaska County,Michigan
1272,Kent County,Michigan
1273,Keweenaw County,Michigan
1274,Lake County,Michigan
1275,Lapeer County,Michigan
1276,Leelanau County,Michigan
1277,Lenawee County,Michigan
1278,Livingston County,Michigan
1279,Luce County,Michigan
1280,Mackinac County,Michigan
1281,Macomb County,Michigan
1282,Manistee County,Michigan
1283,Marquette County,Michigan
1284,Mason County,Michigan
1285,Mecosta County,Michigan
1286,Menominee County,Michigan
1287,Midland County,Michigan
1288,Missaukee County,Michigan
1289,Monroe County,Michigan
1290,Montcalm County,Michigan
1291,Montmorency County,Michigan
1292,Muskegon County,Michigan
1293,Newaygo County,Michigan
1294,Oakland County,Michigan
1295,Oceana County,Michigan
1296,Ogemaw County,Michigan
1297,Ontonagon County,Michigan
1298,Osceola County,Michigan
1299,Oscoda County,Michigan
1300,Otsego County,Michigan
1301,Ottawa County,Michigan
1302,Presque Isle County,Michigan
1303,Roscommon County,Michigan
1304,Saginaw County,Michigan
1305,St. Clair County,Michigan
1306,St. Joseph County,Michigan
1307,Sanilac County,Michigan
1308,Schoolcraft County,Michigan
1309,Shiawassee County,Michigan
1310,Tuscola County,Michigan
1311,Van Buren County,Michigan
1312,Washtenaw County,Michigan
1313,Wayne County,Michigan
1314,Wexford County,Michigan
1315,Aitkin County,Minnesota
1316,Anoka County,Minnesota
1317,Becker County,Minnesota
1318,Beltrami County,Minnesota
1319,Benton County,Minnesota
1320,Big Stone County,Minnesota
1321,Blue Earth County,Minnesota
1322,Brown County,Minnesota
1323,Carlton County,Minnesota
1324,Carver County,Minnesota
1325,Cass County,Minnesota
1326,Chippewa County,Minnesota
1327,Chisago County,Minnesota
1328,Clay County,Minnesota
1329,Clearwater County,Minnesota
1330,Cook County,Minnesota
1331,Cottonwood County,Minnesota
1332,Crow Wing County,Minnesota
1333,Dakota County,Minnesota
1334,Dodge County,Minnesota
1335,Douglas County,Minnesota
1336,Faribault County,Minnesota
1337,Fillmore County,Minnesota
1338,Freeborn County,Minnesota
1339,Goodhue County,Minnesota
1340,Grant County,Minnesota
1341,Hennepin County,Minnesota
1342,Houston County,Minnesota
1343,Hubbard County,Minnesota
1344,Isanti County,Minnesota
1345,Itasca County,Minnesota
1346,Jackson County,Minnesota
1347,Kanabec County,Minnesota
1348,Kandiyohi County,Minnesota
1349,Kittson County,Minnesota
1350,Koochiching County,Minnesota
1351,Lac qui Parle County,Minnesota
1352,Lake County,Minnesota
1353,Lake of the Woods County,Minnesota
1354,Le Sueur County,Minnesota
1355,Lincoln County,Minnesota
1356,Lyon County,Minnesota
1357,McLeod County,Minnesota
1358,Mahnomen County,Minnesota
1359,Marshall County,Minnesota
1360,Martin County,Minnesota
1361,Meeker County,Minnesota
1362,Mille Lacs County,Minnesota
1363,Morrison County,Minnesota
1364,Mower County,Minnesota
1365,Murray County,Minnesota
1366,Nicollet County,Minnesota
1367,Nobles County,Minnesota
1368,Norman County,Minnesota
1369,Olmsted County,Minnesota
1370,Otter Tail County,Minnesota
1371,Pennington County,Minnesota
1372,Pine County,Minnesota
1373,Pipestone County,Minnesota
1374,Polk County,Minnesota
1375,Pope County,Minnesota
1376,Ramsey County,Minnesota
1377,Red Lake County,Minnesota
1378,Redwood County,Minnesota
1379,Renville County,Minnesota
1380,Rice County,Minnesota
1381,Rock County,Minnesota
1382,Roseau County,Minnesota
1383,St. Louis County,Minnesota
1384,Scott County,Minnesota
1385,Sherburne County,Minnesota
1386,Sibley County,Minnesota
1387,Stearns County,Minnesota
1388,Steele County,Minnesota
1389,Stevens County,Minnesota
1390,Swift County,Minnesota
1391,Todd County,Minnesota
1392,Traverse County,Minnesota
1393,Wabasha County,Minnesota
1394,Wadena County,Minnesota
1395,Waseca County,Minnesota
1396,Washington County,Minnesota
1397,Watonwan County,Minnesota
1398,Wilkin County,Minnesota
1399,Winona County,Minnesota
1400,Wright County,Minnesota
1401,Yellow Medicine County,Minnesota
1402,Adams County,Mississippi
1403,Alcorn County,Mississippi
1404,Amite County,Mississippi
1405,Attala County,Mississippi
1406,Benton County,Mississippi
1407,Bolivar County,Mississippi
1408,Calhoun County,Mississippi
1409,Carroll County,Mississippi
1410,Chickasaw County,Mississippi
1411,Choctaw County,Mississippi
1412,Claiborne County,Mississippi
1413,Clarke County,Mississippi
1414,Clay County,Mississippi
1415,Coahoma County,Mississippi
1416,Copiah County,Mississippi
1417,Covington County,Mississippi
1418,DeSoto County,Mississippi
1419,Forrest County,Mississippi
1420,Franklin County,Mississippi
1421,George County,Mississippi
1422,Greene County,Mississippi
1423,Grenada County,Mississippi
1424,Hancock County,Mississippi
1425,Harrison County,Mississippi
1426,Hinds County,Mississippi
1427,Holmes County,Mississippi
1428,Humphreys County,Mississippi
1429,Issaquena County,Mississippi
1430,Itawamba County,Mississippi
1431,Jackson County,Mississippi
1432,Jasper County,Mississippi
1433,Jefferson County,Mississippi
1434,Jefferson Davis County,Mississippi
1435,Jones County,Mississippi
1436,Kemper County,Mississippi
1437,Lafayette County,Mississippi
1438,Lamar County,Mississippi
1439,Lauderdale County,Mississippi
1440,Lawrence County,Mississippi
1441,Leake County,Mississippi
1442,Lee County,Mississippi
1443,Leflore County,Mississippi
1444,Lincoln County,Mississippi
1445,Lowndes County,Mississippi
1446,Madison County,Mississippi
1447,Marion County,Mississippi
1448,Marshall County,Mississippi
1449,Monroe County,Mississippi
1450,Montgomery County,Mississippi
1451,Neshoba County,Mississippi
1452,Newton County,Mississippi
1453,Noxubee County,Mississippi
1454,Oktibbeha County,Mississippi
1455,Panola County,Mississippi
1456,Pearl River County,Mississippi
1457,Perry County,Mississippi
1458,Pike County,Mississippi
1459,Pontotoc County,Mississippi
1460,Prentiss County,Mississippi
1461,Quitman County,Mississippi
1462,Rankin County,Mississippi
1463,Scott County,Mississippi
1464,Sharkey County,Mississippi
1465,Simpson County,Mississippi
1466,Smith County,Mississippi
1467,Stone County,Mississippi
1468,Sunflower County,Mississippi
1469,Tallahatchie County,Mississippi
1470,Tate County,Mississippi
1471,Tippah County,Mississippi
1472,Tishomingo County,Mississippi
1473,Tunica County,Mississippi
1474,Union County,Mississippi
1475,Walthall County,Mississippi
1476,Warren County,Mississippi
1477,Washington County,Mississippi
1478,Wayne County,Mississippi
1479,Webster County,Mississippi
1480,Wilkinson County,Mississippi
1481,Winston County,Mississippi
1482,Yalobusha County,Mississippi
1483,Yazoo County,Mississippi
1484,Adair County,Missouri
1485,Andrew County,Missouri
1486,Atchison County,Missouri
1487,Audrain County,Missouri
1488,Barry County,Missouri
1489,Barton County,Missouri
1490,Bates County,Missouri
1491,Benton County,Missouri
1492,Bollinger County,Missouri
1493,Boone County,Missouri
1494,Buchanan County,Missouri
1495,Butler County,Missouri
1496,Caldwell County,Missouri
1497,Callaway County,Missouri
1498,Camden County,Missouri
1499,Cape Girardeau County,Missouri
1500,Carroll County,Missouri
1501,Carter County,Missouri
1502,Cass County,Missouri
1503,Cedar County,Missouri
1504,Chariton County,Missouri
1505,Christian County,Missouri
1506,Clark County,Missouri
1507,Clay County,Missouri
1508,Clinton County,Missouri
1509,Cole County,Missouri
1510,Cooper County,Missouri
1511,Crawford County,Missouri
1512,Dade County,Missouri
1513,Dallas County,Missouri
1514,Daviess County,Missouri
1515,DeKalb County,Missouri
1516,Dent County,Missouri
1517,Douglas County,Missouri
1518,Dunklin County,Missouri
1519,Franklin County,Missouri
1520,Gasconade County,Missouri
1521,Gentry County,Missouri
1522,Greene County,Missouri
1523,Grundy County,Missouri
1524,Harrison County,Missouri
1525,Henry County,Missouri
1526,Hickory County,Missouri
1527,Holt County,Missouri
1528,Howard County,Missouri
1529,Howell County,Missouri
1530,Iron County,Missouri
1531,Jackson County,Missouri
1532,Jasper County,Missouri
1533,Jefferson County,Missouri
1534,Johnson County,Missouri
1535,Knox County,Missouri
1536,Laclede County,Missouri
1537,Lafayette County,Missouri
1538,Lawrence County,Missouri
1539,Lewis County,Missouri
1540,Lincoln County,Missouri
1541,Linn County,Missouri
1542,Livingston County,Missouri
1543,McDonald County,Missouri
1544,Macon County,Missouri
1545,Madison County,Missouri
1546,Maries County,Missouri
1547,Marion County,Missouri
1548,Mercer County,Missouri
1549,Miller County,Missouri
1550,Mississippi County,Missouri
1551,Moniteau County,Missouri
1552,Monroe County,Missouri
1553,Montgomery County,Missouri
1554,Morgan County,Missouri
1555,New Madrid County,Missouri
1556,Newton County,Missouri
1557,Nodaway County,Missouri
1558,Oregon County,Missouri
1559,Osage County,Missouri
1560,Ozark County,Missouri
1561,Pemiscot County,Missouri
1562,Perry County,Missouri
1563,Pettis County,Missouri
1564,Phelps County,Missouri
1565,Pike County,Missouri
1566,Platte County,Missouri
1567,Polk County,Missouri
1568,Pulaski County,Missouri
1569,Putnam County,Missouri
1570,Ralls County,Missouri
1571,Randolph County,Missouri
1572,Ray County,Missouri
1573,Reynolds County,Missouri
1574,Ripley County,Missouri
1575,St. Charles County,Missouri
1576,St. Clair County,Missouri
1577,Ste. Genevieve County,Missouri
1578,St. Francois County,Missouri
1579,St. Louis County,Missouri
1580,Saline County,Missouri
1581,Schuyler County,Missouri
1582,Scotland County,Missouri
1583,Scott County,Missouri
1584,Shannon County,Missouri
1585,Shelby County,Missouri
1586,Stoddard County,Missouri
1587,Stone County,Missouri
1588,Sullivan County,Missouri
1589,Taney County,Missouri
1590,Texas County,Missouri
1591,Vernon County,Missouri
1592,Warren County,Missouri
1593,Washington County,Missouri
1594,Wayne County,Missouri
1595,Webster County,Missouri
1596,Worth County,Missouri
1597,Wright County,Missouri
1598,"St. Louis, City of",Missouri
1599,Beaverhead County,Montana
1600,Big Horn County,Montana
1601,Blaine County,Montana
1602,Broadwater County,Montana
1603,Carbon County,Montana
1604,Carter County,Montana
1605,Cascade County,Montana
1606,Chouteau County,Montana
1607,Custer County,Montana
1608,Daniels County,Montana
1609,Dawson County,Montana
1610,Deer Lodge County,Montana
1611,Fallon County,Montana
1612,Fergus County,Montana
1613,Flathead County,Montana
1614,Gallatin County,Montana
1615,Garfield County,Montana
1616,Glacier County,Montana
1617,Golden Valley County,Montana
1618,Granite County,Montana
1619,Hill County,Montana
1620,Jefferson County,Montana
1621,Judith Basin County,Montana
1622,Lake County,Montana
1623,Lewis and Clark County,Montana
1624,Liberty County,Montana
1625,Lincoln County,Montana
1626,McCone County,Montana
1627,Madison County,Montana
1628,Meagher County,Montana
1629,Mineral County,Montana
1630,Missoula County,Montana
1631,Musselshell County,Montana
1632,Park County,Montana
1633,Petroleum County,Montana
1634,Phillips County,Montana
1635,Pondera County,Montana
1636,Powder River County,Montana
1637,Powell County,Montana
1638,Prairie County,Montana
1639,Ravalli County,Montana
1640,Richland County,Montana
1641,Roosevelt County,Montana
1642,Rosebud County,Montana
1643,Sanders County,Montana
1644,Sheridan County,Montana
1645,Silver Bow County,Montana
1646,Stillwater County,Montana
1647,Sweet Grass County,Montana
1648,Teton County,Montana
1649,Toole County,Montana
1650,Treasure County,Montana
1651,Valley County,Montana
1652,Wheatland County,Montana
1653,Wibaux County,Montana
1654,Yellowstone County,Montana
1655,Adams County,Nebraska
1656,Antelope County,Nebraska
1657,Arthur County,Nebraska
1658,Banner County,Nebraska
1659,Blaine County,Nebraska
1660,Boone County,Nebraska
1661,Box Butte County,Nebraska
1662,Boyd County,Nebraska
1663,Brown County,Nebraska
1664,Buffalo County,Nebraska
1665,Burt County,Nebraska
1666,Butler County,Nebraska
1667,Cass County,Nebraska
1668,Cedar County,Nebraska
1669,Chase County,Nebraska
1670,Cherry County,Nebraska
1671,Cheyenne County,Nebraska
1672,Clay County,Nebraska
1673,Colfax County,Nebraska
1674,Cuming County,Nebraska
1675,Custer County,Nebraska
1676,Dakota County,Nebraska
1677,Dawes County,Nebraska
1678,Dawson County,Nebraska
1679,Deuel County,Nebraska
1680,Dixon County,Nebraska
1681,Dodge County,Nebraska
1682,Douglas County,Nebraska
1683,Dundy County,Nebraska
1684,Fillmore County,Nebraska
1685,Franklin County,Nebraska
1686,Frontier County,Nebraska
1687,Furnas County,Nebraska
1688,Gage County,Nebraska
1689,Garden County,Nebraska
1690,Garfield County,Nebraska
1691,Gosper County,Nebraska
1692,Grant County,Nebraska
1693,Greeley County,Nebraska
1694,Hall County,Nebraska
1695,Hamilton County,Nebraska
1696,Harlan County,Nebraska
1697,Hayes County,Nebraska
1698,Hitchcock County,Nebraska
1699,Holt County,Nebraska
1700,Hooker County,Nebraska
1701,Howard County,Nebraska
1702,Jefferson County,Nebraska
1703,Johnson County,Nebraska
1704,Kearney County,Nebraska
1705,Keith County,Nebraska
1706,Keya Paha County,Nebraska
1707,Kimball County,Nebraska
1708,Knox County,Nebraska
1709,Lancaster County,Nebraska
1710,Lincoln County,Nebraska
1711,Logan County,Nebraska
1712,Loup County,Nebraska
1713,McPherson County,Nebraska
1714,Madison County,Nebraska
1715,Merrick County,Nebraska
1716,Morrill County,Nebraska
1717,Nance County,Nebraska
1718,Nemaha County,Nebraska
1719,Nuckolls County,Nebraska
1720,Otoe County,Nebraska
1721,Pawnee County,Nebraska
1722,Perkins County,Nebraska
1723,Phelps County,Nebraska
1724,Pierce County,Nebraska
1725,Platte County,Nebraska
1726,Polk County,Nebraska
1727,Red Willow County,Nebraska
1728,Richardson County,Nebraska
1729,Rock County,Nebraska
1730,Saline County,Nebraska
1731,Sarpy County,Nebraska
1732,Saunders County,Nebraska
1733,Scotts Bluff County,Nebraska
1734,Seward County,Nebraska
1735,Sheridan County,Nebraska
1736,Sherman County,Nebraska
1737,Sioux County,Nebraska
1738,Stanton County,Nebraska
1739,Thayer County,Nebraska
1740,Thomas County,Nebraska
1741,Thurston County,Nebraska
1742,Valley County,Nebraska
1743,Washington County,Nebraska
1744,Wayne County,Nebraska
1745,Webster County,Nebraska
1746,Wheeler County,Nebraska
1747,York County,Nebraska
1748,Churchill County,Nevada
1749,Clark County,Nevada
1750,Douglas County,Nevada
1751,Elko County,Nevada
1752,Esmeralda County,Nevada
1753,Eureka County,Nevada
1754,Humboldt County,Nevada
1755,Lander County,Nevada
1756,Lincoln County,Nevada
1757,Lyon County,Nevada
1758,Mineral County,Nevada
1759,Nye County,Nevada
1760,Pershing County,Nevada
1761,Storey County,Nevada
1762,Washoe County,Nevada
1763,White Pine County,Nevada
1764,"Carson City, Consolidated Municipality of",Nevada
1765,Belknap County,New Hampshire
1766,Carroll County,New Hampshire
1767,Cheshire County,New Hampshire
1768,Coos County,New Hampshire
1769,Grafton County,New Hampshire
1770,Hillsborough County,New Hampshire
1771,Merrimack County,New Hampshire
1772,Rockingham County,New Hampshire
1773,Strafford County,New Hampshire
1774,Sullivan County,New Hampshire
1775,Atlantic County,New Jersey
1776,Bergen County,New Jersey
1777,Burlington County,New Jersey
1778,Camden County,New Jersey
1779,Cape May County,New Jersey
1780,Cumberland County,New Jersey
1781,Essex County,New Jersey
1782,Gloucester County,New Jersey
1783,Hudson County,New Jersey
1784,Hunterdon County,New Jersey
1785,Mercer County,New Jersey
1786,Middlesex County,New Jersey
1787,Monmouth County,New Jersey
1788,Morris County,New Jersey
1789,Ocean County,New Jersey
1790,Passaic County,New Jersey
1791,Salem County,New Jersey
1792,Somerset County,New Jersey
1793,Sussex County,New Jersey
1794,Union County,New Jersey
1795,Warren County,New Jersey
1796,Bernalillo County,New Mexico
1797,Catron County,New Mexico
1798,Chaves County,New Mexico
1799,Cibola County,New Mexico
1800,Colfax County,New Mexico
1801,Curry County,New Mexico
1802,De Baca County,New Mexico
1803,Doa Ana County,New Mexico
1804,Eddy County,New Mexico
1805,Grant County,New Mexico
1806,Guadalupe County,New Mexico
1807,Harding County,New Mexico
1808,Hidalgo County,New Mexico
1809,Lea County,New Mexico
1810,Lincoln County,New Mexico
1811,Los Alamos County,New Mexico
1812,Luna County,New Mexico
1813,McKinley County,New Mexico
1814,Mora County,New Mexico
1815,Otero County,New Mexico
1816,Quay County,New Mexico
1817,Rio Arriba County,New Mexico
1818,Roosevelt County,New Mexico
1819,Sandoval County,New Mexico
1820,San Juan County,New Mexico
1821,San Miguel County,New Mexico
1822,Santa Fe County,New Mexico
1823,Sierra County,New Mexico
1824,Socorro County,New Mexico
1825,Taos County,New Mexico
1826,Torrance County,New Mexico
1827,Union County,New Mexico
1828,Valencia County,New Mexico
1829,Albany County,New York
1830,Allegany County,New York
1831,Bronx County,New York
1832,Broome County,New York
1833,Cattaraugus County,New York
1834,Cayuga County,New York
1835,Chautauqua County,New York
1836,Chemung County,New York
1837,Chenango County,New York
1838,Clinton County,New York
1839,Columbia County,New York
1840,Cortland County,New York
1841,Delaware County,New York
1842,Dutchess County,New York
1843,Erie County,New York
1844,Essex County,New York
1845,Franklin County,New York
1846,Fulton County,New York
1847,Genesee County,New York
1848,Greene County,New York
1849,Hamilton County,New York
1850,Herkimer County,New York
1851,Jefferson County,New York
1852,Kings County,New York
1853,Lewis County,New York
1854,Livingston County,New York
1855,Madison County,New York
1856,Monroe County,New York
1857,Montgomery County,New York
1858,Nassau County,New York
1859,New York County,New York
1860,Niagara County,New York
1861,Oneida County,New York
1862,Onondaga County,New York
1863,Ontario County,New York
1864,Orange County,New York
1865,Orleans County,New York
1866,Oswego County,New York
1867,Otsego County,New York
1868,Putnam County,New York
1869,Queens County,New York
1870,Rensselaer County,New York
1871,Richmond County,New York
1872,Rockland County,New York
1873,St. Lawrence County,New York
1874,Saratoga County,New York
1875,Schenectady County,New York
1876,Schoharie County,New York
1877,Schuyler County,New York
1878,Seneca County,New York
1879,Steuben County,New York
1880,Suffolk County,New York
1881,Sullivan County,New York
1882,Tioga County,New York
1883,Tompkins County,New York
1884,Ulster County,New York
1885,Warren County,New York
1886,Washington County,New York
1887,Wayne County,New York
1888,Westchester County,New York
1889,Wyoming County,New York
1890,Yates County,New York
1891,Alamance County,North Carolina
1892,Alexander County,North Carolina
1893,Alleghany County,North Carolina
1894,Anson County,North Carolina
1895,Ashe County,North Carolina
1896,Avery County,North Carolina
1897,Beaufort County,North Carolina
1898,Bertie County,North Carolina
1899,Bladen County,North Carolina
1900,Brunswick County,North Carolina
1901,Buncombe County,North Carolina
1902,Burke County,North Carolina
1903,Cabarrus County,North Carolina
1904,Caldwell County,North Carolina
1905,Camden County,North Carolina
1906,Carteret County,North Carolina
1907,Caswell County,North Carolina
1908,Catawba County,North Carolina
1909,Chatham County,North Carolina
1910,Cherokee County,North Carolina
1911,Chowan County,North Carolina
1912,Clay County,North Carolina
1913,Cleveland County,North Carolina
1914,Columbus County,North Carolina
1915,Craven County,North Carolina
1916,Cumberland County,North Carolina
1917,Currituck County,North Carolina
1918,Dare County,North Carolina
1919,Davidson County,North Carolina
1920,Davie County,North Carolina
1921,Duplin County,North Carolina
1922,Durham County,North Carolina
1923,Edgecombe County,North Carolina
1924,Forsyth County,North Carolina
1925,Franklin County,North Carolina
1926,Gaston County,North Carolina
1927,Gates County,North Carolina
1928,Graham County,North Carolina
1929,Granville County,North Carolina
1930,Greene County,North Carolina
1931,Guilford County,North Carolina
1932,Halifax County,North Carolina
1933,Harnett County,North Carolina
1934,Haywood County,North Carolina
1935,Henderson County,North Carolina
1936,Hertford County,North Carolina
1937,Hoke County,North Carolina
1938,Hyde County,North Carolina
1939,Iredell County,North Carolina
1940,Jackson County,North Carolina
1941,Johnston County,North Carolina
1942,Jones County,North Carolina
1943,Lee County,North Carolina
1944,Lenoir County,North Carolina
1945,Lincoln County,North Carolina
1946,McDowell County,North Carolina
1947,Macon County,North Carolina
1948,Madison County,North Carolina
1949,Martin County,North Carolina
1950,Mecklenburg County,North Carolina
1951,Mitchell County,North Carolina
1952,Montgomery County,North Carolina
1953,Moore County,North Carolina
1954,Nash County,North Carolina
1955,New Hanover County,North Carolina
1956,Northampton County,North Carolina
1957,Onslow County,North Carolina
1958,Orange County,North Carolina
1959,Pamlico County,North Carolina
1960,Pasquotank County,North Carolina
1961,Pender County,North Carolina
1962,Perquimans County,North Carolina
1963,Person County,North Carolina
1964,Pitt County,North Carolina
1965,Polk County,North Carolina
1966,Randolph County,North Carolina
1967,Richmond County,North Carolina
1968,Robeson County,North Carolina
1969,Rockingham County,North Carolina
1970,Rowan County,North Carolina
1971,Rutherford County,North Carolina
1972,Sampson County,North Carolina
1973,Scotland County,North Carolina
1974,Stanly County,North Carolina
1975,Stokes County,North Carolina
1976,Surry County,North Carolina
1977,Swain County,North Carolina
1978,Transylvania County,North Carolina
1979,Tyrrell County,North Carolina
1980,Union County,North Carolina
1981,Vance County,North Carolina
1982,Wake County,North Carolina
1983,Warren County,North Carolina
1984,Washington County,North Carolina
1985,Watauga County,North Carolina
1986,Wayne County,North Carolina
1987,Wilkes County,North Carolina
1988,Wilson County,North Carolina
1989,Yadkin County,North Carolina
1990,Yancey County,North Carolina
1991,Adams County,North Dakota
1992,Barnes County,North Dakota
1993,Benson County,North Dakota
1994,Billings County,North Dakota
1995,Bottineau County,North Dakota
1996,Bowman County,North Dakota
1997,Burke County,North Dakota
1998,Burleigh County,North Dakota
1999,Cass County,North Dakota
2000,Cavalier County,North Dakota
2001,Dickey County,North Dakota
2002,Divide County,North Dakota
2003,Dunn County,North Dakota
2004,Eddy County,North Dakota
2005,Emmons County,North Dakota
2006,Foster County,North Dakota
2007,Golden Valley County,North Dakota
2008,Grand Forks County,North Dakota
2009,Grant County,North Dakota
2010,Griggs County,North Dakota
2011,Hettinger County,North Dakota
2012,Kidder County,North Dakota
2013,LaMoure County,North Dakota
2014,Logan County,North Dakota
2015,McHenry County,North Dakota
2016,McIntosh County,North Dakota
2017,McKenzie County,North Dakota
2018,McLean County,North Dakota
2019,Mercer County,North Dakota
2020,Morton County,North Dakota
2021,Mountrail County,North Dakota
2022,Nelson County,North Dakota
2023,Oliver County,North Dakota
2024,Pembina County,North Dakota
2025,Pierce County,North Dakota
2026,Ramsey County,North Dakota
2027,Ransom County,North Dakota
2028,Renville County,North Dakota
2029,Richland County,North Dakota
2030,Rolette County,North Dakota
2031,Sargent County,North Dakota
2032,Sheridan County,North Dakota
2033,Sioux County,North Dakota
2034,Slope County,North Dakota
2035,Stark County,North Dakota
2036,Steele County,North Dakota
2037,Stutsman County,North Dakota
2038,Towner County,North Dakota
2039,Traill County,North Dakota
2040,Walsh County,North Dakota
2041,Ward County,North Dakota
2042,Wells County,North Dakota
2043,Williams County,North Dakota
2044,Adams County,Ohio
2045,Allen County,Ohio
2046,Ashland County,Ohio
2047,Ashtabula County,Ohio
2048,Athens County,Ohio
2049,Auglaize County,Ohio
2050,Belmont County,Ohio
2051,Brown County,Ohio
2052,Butler County,Ohio
2053,Carroll County,Ohio
2054,Champaign County,Ohio
2055,Clark County,Ohio
2056,Clermont County,Ohio
2057,Clinton County,Ohio
2058,Columbiana County,Ohio
2059,Coshocton County,Ohio
2060,Crawford County,Ohio
2061,Cuyahoga County,Ohio
2062,Darke County,Ohio
2063,Defiance County,Ohio
2064,Delaware County,Ohio
2065,Erie County,Ohio
2066,Fairfield County,Ohio
2067,Fayette County,Ohio
2068,Franklin County,Ohio
2069,Fulton County,Ohio
2070,Gallia County,Ohio
2071,Geauga County,Ohio
2072,Greene County,Ohio
2073,Guernsey County,Ohio
2074,Hamilton County,Ohio
2075,Hancock County,Ohio
2076,Hardin County,Ohio
2077,Harrison County,Ohio
2078,Henry County,Ohio
2079,Highland County,Ohio
2080,Hocking County,Ohio
2081,Holmes County,Ohio
2082,Huron County,Ohio
2083,Jackson County,Ohio
2084,Jefferson County,Ohio
2085,Knox County,Ohio
2086,Lake County,Ohio
2087,Lawrence County,Ohio
2088,Licking County,Ohio
2089,Logan County,Ohio
2090,Lorain County,Ohio
2091,Lucas County,Ohio
2092,Madison County,Ohio
2093,Mahoning County,Ohio
2094,Marion County,Ohio
2095,Medina County,Ohio
2096,Meigs County,Ohio
2097,Mercer County,Ohio
2098,Miami County,Ohio
2099,Monroe County,Ohio
2100,Montgomery County,Ohio
2101,Morgan County,Ohio
2102,Morrow County,Ohio
2103,Muskingum County,Ohio
2104,Noble County,Ohio
2105,Ottawa County,Ohio
2106,Paulding County,Ohio
2107,Perry County,Ohio
2108,Pickaway County,Ohio
2109,Pike County,Ohio
2110,Portage County,Ohio
2111,Preble County,Ohio
2112,Putnam County,Ohio
2113,Richland County,Ohio
2114,Ross County,Ohio
2115,Sandusky County,Ohio
2116,Scioto County,Ohio
2117,Seneca County,Ohio
2118,Shelby County,Ohio
2119,Stark County,Ohio
2120,Summit County,Ohio
2121,Trumbull County,Ohio
2122,Tuscarawas County,Ohio
2123,Union County,Ohio
2124,Van Wert County,Ohio
2125,Vinton County,Ohio
2126,Warren County,Ohio
2127,Washington County,Ohio
2128,Wayne County,Ohio
2129,Williams County,Ohio
2130,Wood County,Ohio
2131,Wyandot County,Ohio
2132,Adair County,Oklahoma
2133,Alfalfa County,Oklahoma
2134,Atoka County,Oklahoma
2135,Beaver County,Oklahoma
2136,Beckham County,Oklahoma
2137,Blaine County,Oklahoma
2138,Bryan County,Oklahoma
2139,Caddo County,Oklahoma
2140,Canadian County,Oklahoma
2141,Carter County,Oklahoma
2142,Cherokee County,Oklahoma
2143,Choctaw County,Oklahoma
2144,Cimarron County,Oklahoma
2145,Cleveland County,Oklahoma
2146,Coal County,Oklahoma
2147,Comanche County,Oklahoma
2148,Cotton County,Oklahoma
2149,Craig County,Oklahoma
2150,Creek County,Oklahoma
2151,Custer County,Oklahoma
2152,Delaware County,Oklahoma
2153,Dewey County,Oklahoma
2154,Ellis County,Oklahoma
2155,Garfield County,Oklahoma
2156,Garvin County,Oklahoma
2157,Grady County,Oklahoma
2158,Grant County,Oklahoma
2159,Greer County,Oklahoma
2160,Harmon County,Oklahoma
2161,Harper County,Oklahoma
2162,Haskell County,Oklahoma
2163,Hughes County,Oklahoma
2164,Jackson County,Oklahoma
2165,Jefferson County,Oklahoma
2166,Johnston County,Oklahoma
2167,Kay County,Oklahoma
2168,Kingfisher County,Oklahoma
2169,Kiowa County,Oklahoma
2170,Latimer County,Oklahoma
2171,Le Flore County,Oklahoma
2172,Lincoln County,Oklahoma
2173,Logan County,Oklahoma
2174,Love County,Oklahoma
2175,McClain County,Oklahoma
2176,McCurtain County,Oklahoma
2177,McIntosh County,Oklahoma
2178,Major County,Oklahoma
2179,Marshall County,Oklahoma
2180,Mayes County,Oklahoma
2181,Murray County,Oklahoma
2182,Muskogee County,Oklahoma
2183,Noble County,Oklahoma
2184,Nowata County,Oklahoma
2185,Okfuskee County,Oklahoma
2186,Oklahoma County,Oklahoma
2187,Okmulgee County,Oklahoma
2188,Osage County,Oklahoma
2189,Ottawa County,Oklahoma
2190,Pawnee County,Oklahoma
2191,Payne County,Oklahoma
2192,Pittsburg County,Oklahoma
2193,Pontotoc County,Oklahoma
2194,Pottawatomie County,Oklahoma
2195,Pushmataha County,Oklahoma
2196,Roger Mills County,Oklahoma
2197,Rogers County,Oklahoma
2198,Seminole County,Oklahoma
2199,Sequoyah County,Oklahoma
2200,Stephens County,Oklahoma
2201,Texas County,Oklahoma
2202,Tillman County,Oklahoma
2203,Tulsa County,Oklahoma
2204,Wagoner County,Oklahoma
2205,Washington County,Oklahoma
2206,Washita County,Oklahoma
2207,Woods County,Oklahoma
2208,Woodward County,Oklahoma
2209,Baker County,Oregon
2210,Benton County,Oregon
2211,Clackamas County,Oregon
2212,Clatsop County,Oregon
2213,Columbia County,Oregon
2214,Coos County,Oregon
2215,Crook County,Oregon
2216,Curry County,Oregon
2217,Deschutes County,Oregon
2218,Douglas County,Oregon
2219,Gilliam County,Oregon
2220,Grant County,Oregon
2221,Harney County,Oregon
2222,Hood River County,Oregon
2223,Jackson County,Oregon
2224,Jefferson County,Oregon
2225,Josephine County,Oregon
2226,Klamath County,Oregon
2227,Lake County,Oregon
2228,Lane County,Oregon
2229,Lincoln County,Oregon
2230,Linn County,Oregon
2231,Malheur County,Oregon
2232,Marion County,Oregon
2233,Morrow County,Oregon
2234,Multnomah County,Oregon
2235,Polk County,Oregon
2236,Sherman County,Oregon
2237,Tillamook County,Oregon
2238,Umatilla County,Oregon
2239,Union County,Oregon
2240,Wallowa County,Oregon
2241,Wasco County,Oregon
2242,Washington County,Oregon
2243,Wheeler County,Oregon
2244,Yamhill County,Oregon
2245,Adams County,Pennsylvania
2246,Allegheny County,Pennsylvania
2247,Armstrong County,Pennsylvania
2248,Beaver County,Pennsylvania
2249,Bedford County,Pennsylvania
2250,Berks County,Pennsylvania
2251,Blair County,Pennsylvania
2252,Bradford County,Pennsylvania
2253,Bucks County,Pennsylvania
2254,Butler County,Pennsylvania
2255,Cambria County,Pennsylvania
2256,Cameron County,Pennsylvania
2257,Carbon County,Pennsylvania
2258,Centre County,Pennsylvania
2259,Chester County,Pennsylvania
2260,Clarion County,Pennsylvania
2261,Clearfield County,Pennsylvania
2262,Clinton County,Pennsylvania
2263,Columbia County,Pennsylvania
2264,Crawford County,Pennsylvania
2265,Cumberland County,Pennsylvania
2266,Dauphin County,Pennsylvania
2267,Delaware County,Pennsylvania
2268,Elk County,Pennsylvania
2269,Erie County,Pennsylvania
2270,Fayette County,Pennsylvania
2271,Forest County,Pennsylvania
2272,Franklin County,Pennsylvania
2273,Fulton County,Pennsylvania
2274,Greene County,Pennsylvania
2275,Huntingdon County,Pennsylvania
2276,Indiana County,Pennsylvania
2277,Jefferson County,Pennsylvania
2278,Juniata County,Pennsylvania
2279,Lackawanna County,Pennsylvania
2280,Lancaster County,Pennsylvania
2281,Lawrence County,Pennsylvania
2282,Lebanon County,Pennsylvania
2283,Lehigh County,Pennsylvania
2284,Luzerne County,Pennsylvania
2285,Lycoming County,Pennsylvania
2286,McKean County,Pennsylvania
2287,Mercer County,Pennsylvania
2288,Mifflin County,Pennsylvania
2289,Monroe County,Pennsylvania
2290,Montgomery County,Pennsylvania
2291,Montour County,Pennsylvania
2292,Northampton County,Pennsylvania
2293,Northumberland County,Pennsylvania
2294,Perry County,Pennsylvania
2295,Philadelphia County,Pennsylvania
2296,Pike County,Pennsylvania
2297,Potter County,Pennsylvania
2298,Schuylkill County,Pennsylvania
2299,Snyder County,Pennsylvania
2300,Somerset County,Pennsylvania
2301,Sullivan County,Pennsylvania
2302,Susquehanna County,Pennsylvania
2303,Tioga County,Pennsylvania
2304,Union County,Pennsylvania
2305,Venango County,Pennsylvania
2306,Warren County,Pennsylvania
2307,Washington County,Pennsylvania
2308,Wayne County,Pennsylvania
2309,Westmoreland County,Pennsylvania
2310,Wyoming County,Pennsylvania
2311,York County,Pennsylvania
2312,Bristol County,Rhode Island
2313,Kent County,Rhode Island
2314,Newport County,Rhode Island
2315,Providence County,Rhode Island
2316,Washington County,Rhode Island
2317,Abbeville County,South Carolina
2318,Aiken County,South Carolina
2319,Allendale County,South Carolina
2320,Anderson County,South Carolina
2321,Bamberg County,South Carolina
2322,Barnwell County,South Carolina
2323,Beaufort County,South Carolina
2324,Berkeley County,South Carolina
2325,Calhoun County,South Carolina
2326,Charleston County,South Carolina
2327,Cherokee County,South Carolina
2328,Chester County,South Carolina
2329,Chesterfield County,South Carolina
2330,Clarendon County,South Carolina
2331,Colleton County,South Carolina
2332,Darlington County,South Carolina
2333,Dillon County,South Carolina
2334,Dorchester County,South Carolina
2335,Edgefield County,South Carolina
2336,Fairfield County,South Carolina
2337,Florence County,South Carolina
2338,Georgetown County,South Carolina
2339,Greenville County,South Carolina
2340,Greenwood County,South Carolina
2341,Hampton County,South Carolina
2342,Horry County,South Carolina
2343,Jasper County,South Carolina
2344,Kershaw County,South Carolina
2345,Lancaster County,South Carolina
2346,Laurens County,South Carolina
2347,Lee County,South Carolina
2348,Lexington County,South Carolina
2349,McCormick County,South Carolina
2350,Marion County,South Carolina
2351,Marlboro County,South Carolina
2352,Newberry County,South Carolina
2353,Oconee County,South Carolina
2354,Orangeburg County,South Carolina
2355,Pickens County,South Carolina
2356,Richland County,South Carolina
2357,Saluda County,South Carolina
2358,Spartanburg County,South Carolina
2359,Sumter County,South Carolina
2360,Union County,South Carolina
2361,Williamsburg County,South Carolina
2362,York County,South Carolina
2363,Aurora County,South Dakota
2364,Beadle County,South Dakota
2365,Bennett County,South Dakota
2366,Bon Homme County,South Dakota
2367,Brookings County,South Dakota
2368,Brown County,South Dakota
2369,Brule County,South Dakota
2370,Buffalo County,South Dakota
2371,Butte County,South Dakota
2372,Campbell County,South Dakota
2373,Charles Mix County,South Dakota
2374,Clark County,South Dakota
2375,Clay County,South Dakota
2376,Codington County,South Dakota
2377,Corson County,South Dakota
2378,Custer County,South Dakota
2379,Davison County,South Dakota
2380,Day County,South Dakota
2381,Deuel County,South Dakota
2382,Dewey County,South Dakota
2383,Douglas County,South Dakota
2384,Edmunds County,South Dakota
2385,Fall River County,South Dakota
2386,Faulk County,South Dakota
2387,Grant County,South Dakota
2388,Gregory County,South Dakota
2389,Haakon County,South Dakota
2390,Hamlin County,South Dakota
2391,Hand County,South Dakota
2392,Hanson County,South Dakota
2393,Harding County,South Dakota
2394,Hughes County,South Dakota
2395,Hutchinson County,South Dakota
2396,Hyde County,South Dakota
2397,Jackson County,South Dakota
2398,Jerauld County,South Dakota
2399,Jones County,South Dakota
2400,Kingsbury County,South Dakota
2401,Lake County,South Dakota
2402,Lawrence County,South Dakota
2403,Lincoln County,South Dakota
2404,Lyman County,South Dakota
2405,McCook County,South Dakota
2406,McPherson County,South Dakota
2407,Marshall County,South Dakota
2408,Meade County,South Dakota
2409,Mellette County,South Dakota
2410,Miner County,South Dakota
2411,Minnehaha County,South Dakota
2412,Moody County,South Dakota
2413,Pennington County,South Dakota
2414,Perkins County,South Dakota
2415,Potter County,South Dakota
2416,Roberts County,South Dakota
2417,Sanborn County,South Dakota
2418,Shannon County,South Dakota
2419,Spink County,South Dakota
2420,Stanley County,South Dakota
2421,Sully County,South Dakota
2422,Todd County,South Dakota
2423,Tripp County,South Dakota
2424,Turner County,South Dakota
2425,Union County,South Dakota
2426,Walworth County,South Dakota
2427,Yankton County,South Dakota
2428,Ziebach County,South Dakota
2429,Anderson County,Tennessee
2430,Bedford County,Tennessee
2431,Benton County,Tennessee
2432,Bledsoe County,Tennessee
2433,Blount County,Tennessee
2434,Bradley County,Tennessee
2435,Campbell County,Tennessee
2436,Cannon County,Tennessee
2437,Carroll County,Tennessee
2438,Carter County,Tennessee
2439,Cheatham County,Tennessee
2440,Chester County,Tennessee
2441,Claiborne County,Tennessee
2442,Clay County,Tennessee
2443,Cocke County,Tennessee
2444,Coffee County,Tennessee
2445,Crockett County,Tennessee
2446,Cumberland County,Tennessee
2447,Davidson County,Tennessee
2448,Decatur County,Tennessee
2449,DeKalb County,Tennessee
2450,Dickson County,Tennessee
2451,Dyer County,Tennessee
2452,Fayette County,Tennessee
2453,Fentress County,Tennessee
2454,Franklin County,Tennessee
2455,Gibson County,Tennessee
2456,Giles County,Tennessee
2457,Grainger County,Tennessee
2458,Greene County,Tennessee
2459,Grundy County,Tennessee
2460,Hamblen County,Tennessee
2461,Hamilton County,Tennessee
2462,Hancock County,Tennessee
2463,Hardeman County,Tennessee
2464,Hardin County,Tennessee
2465,Hawkins County,Tennessee
2466,Haywood County,Tennessee
2467,Henderson County,Tennessee
2468,Henry County,Tennessee
2469,Hickman County,Tennessee
2470,Houston County,Tennessee
2471,Humphreys County,Tennessee
2472,Jackson County,Tennessee
2473,Jefferson County,Tennessee
2474,Johnson County,Tennessee
2475,Knox County,Tennessee
2476,Lake County,Tennessee
2477,Lauderdale County,Tennessee
2478,Lawrence County,Tennessee
2479,Lewis County,Tennessee
2480,Lincoln County,Tennessee
2481,Loudon County,Tennessee
2482,McMinn County,Tennessee
2483,McNairy County,Tennessee
2484,Macon County,Tennessee
2485,Madison County,Tennessee
2486,Marion County,Tennessee
2487,Marshall County,Tennessee
2488,Maury County,Tennessee
2489,Meigs County,Tennessee
2490,Monroe County,Tennessee
2491,Montgomery County,Tennessee
2492,Moore County,Tennessee
2493,Morgan County,Tennessee
2494,Obion County,Tennessee
2495,Overton County,Tennessee
2496,Perry County,Tennessee
2497,Pickett County,Tennessee
2498,Polk County,Tennessee
2499,Putnam County,Tennessee
2500,Rhea County,Tennessee
2501,Roane County,Tennessee
2502,Robertson County,Tennessee
2503,Rutherford County,Tennessee
2504,Scott County,Tennessee
2505,Sequatchie County,Tennessee
2506,Sevier County,Tennessee
2507,Shelby County,Tennessee
2508,Smith County,Tennessee
2509,Stewart County,Tennessee
2510,Sullivan County,Tennessee
2511,Sumner County,Tennessee
2512,Tipton County,Tennessee
2513,Trousdale County,Tennessee
2514,Unicoi County,Tennessee
2515,Union County,Tennessee
2516,Van Buren County,Tennessee
2517,Warren County,Tennessee
2518,Washington County,Tennessee
2519,Wayne County,Tennessee
2520,Weakley County,Tennessee
2521,White County,Tennessee
2522,Williamson County,Tennessee
2523,Wilson County,Tennessee
2524,Anderson County,Texas
2525,Andrews County,Texas
2526,Angelina County,Texas
2527,Aransas County,Texas
2528,Archer County,Texas
2529,Armstrong County,Texas
2530,Atascosa County,Texas
2531,Austin County,Texas
2532,Bailey County,Texas
2533,Bandera County,Texas
2534,Bastrop County,Texas
2535,Baylor County,Texas
2536,Bee County,Texas
2537,Bell County,Texas
2538,Bexar County,Texas
2539,Blanco County,Texas
2540,Borden County,Texas
2541,Bosque County,Texas
2542,Bowie County,Texas
2543,Brazoria County,Texas
2544,Brazos County,Texas
2545,Brewster County,Texas
2546,Briscoe County,Texas
2547,Brooks County,Texas
2548,Brown County,Texas
2549,Burleson County,Texas
2550,Burnet County,Texas
2551,Caldwell County,Texas
2552,Calhoun County,Texas
2553,Callahan County,Texas
2554,Cameron County,Texas
2555,Camp County,Texas
2556,Carson County,Texas
2557,Cass County,Texas
2558,Castro County,Texas
2559,Chambers County,Texas
2560,Cherokee County,Texas
2561,Childress County,Texas
2562,Clay County,Texas
2563,Cochran County,Texas
2564,Coke County,Texas
2565,Coleman County,Texas
2566,Collin County,Texas
2567,Collingsworth County,Texas
2568,Colorado County,Texas
2569,Comal County,Texas
2570,Comanche County,Texas
2571,Concho County,Texas
2572,Cooke County,Texas
2573,Coryell County,Texas
2574,Cottle County,Texas
2575,Crane County,Texas
2576,Crockett County,Texas
2577,Crosby County,Texas
2578,Culberson County,Texas
2579,Dallam County,Texas
2580,Dallas County,Texas
2581,Dawson County,Texas
2582,Deaf Smith County,Texas
2583,Delta County,Texas
2584,Denton County,Texas
2585,DeWitt County,Texas
2586,Dickens County,Texas
2587,Dimmit County,Texas
2588,Donley County,Texas
2589,Duval County,Texas
2590,Eastland County,Texas
2591,Ector County,Texas
2592,Edwards County,Texas
2593,Ellis County,Texas
2594,El Paso County,Texas
2595,Erath County,Texas
2596,Falls County,Texas
2597,Fannin County,Texas
2598,Fayette County,Texas
2599,Fisher County,Texas
2600,Floyd County,Texas
2601,Foard County,Texas
2602,Fort Bend County,Texas
2603,Franklin County,Texas
2604,Freestone County,Texas
2605,Frio County,Texas
2606,Gaines County,Texas
2607,Galveston County,Texas
2608,Garza County,Texas
2609,Gillespie County,Texas
2610,Glasscock County,Texas
2611,Goliad County,Texas
2612,Gonzales County,Texas
2613,Gray County,Texas
2614,Grayson County,Texas
2615,Gregg County,Texas
2616,Grimes County,Texas
2617,Guadalupe County,Texas
2618,Hale County,Texas
2619,Hall County,Texas
2620,Hamilton County,Texas
2621,Hansford County,Texas
2622,Hardeman County,Texas
2623,Hardin County,Texas
2624,Harris County,Texas
2625,Harrison County,Texas
2626,Hartley County,Texas
2627,Haskell County,Texas
2628,Hays County,Texas
2629,Hemphill County,Texas
2630,Henderson County,Texas
2631,Hidalgo County,Texas
2632,Hill County,Texas
2633,Hockley County,Texas
2634,Hood County,Texas
2635,Hopkins County,Texas
2636,Houston County,Texas
2637,Howard County,Texas
2638,Hudspeth County,Texas
2639,Hunt County,Texas
2640,Hutchinson County,Texas
2641,Irion County,Texas
2642,Jack County,Texas
2643,Jackson County,Texas
2644,Jasper County,Texas
2645,Jeff Davis County,Texas
2646,Jefferson County,Texas
2647,Jim Hogg County,Texas
2648,Jim Wells County,Texas
2649,Johnson County,Texas
2650,Jones County,Texas
2651,Karnes County,Texas
2652,Kaufman County,Texas
2653,Kendall County,Texas
2654,Kenedy County,Texas
2655,Kent County,Texas
2656,Kerr County,Texas
2657,Kimble County,Texas
2658,King County,Texas
2659,Kinney County,Texas
2660,Kleberg County,Texas
2661,Knox County,Texas
2662,Lamar County,Texas
2663,Lamb County,Texas
2664,Lampasas County,Texas
2665,La Salle County,Texas
2666,Lavaca County,Texas
2667,Lee County,Texas
2668,Leon County,Texas
2669,Liberty County,Texas
2670,Limestone County,Texas
2671,Lipscomb County,Texas
2672,Live Oak County,Texas
2673,Llano County,Texas
2674,Loving County,Texas
2675,Lubbock County,Texas
2676,Lynn County,Texas
2677,McCulloch County,Texas
2678,McLennan County,Texas
2679,McMullen County,Texas
2680,Madison County,Texas
2681,Marion County,Texas
2682,Martin County,Texas
2683,Mason County,Texas
2684,Matagorda County,Texas
2685,Maverick County,Texas
2686,Medina County,Texas
2687,Menard County,Texas
2688,Midland County,Texas
2689,Milam County,Texas
2690,Mills County,Texas
2691,Mitchell County,Texas
2692,Montague County,Texas
2693,Montgomery County,Texas
2694,Moore County,Texas
2695,Morris County,Texas
2696,Motley County,Texas
2697,Nacogdoches County,Texas
2698,Navarro County,Texas
2699,Newton County,Texas
2700,Nolan County,Texas
2701,Nueces County,Texas
2702,Ochiltree County,Texas
2703,Oldham County,Texas
2704,Orange County,Texas
2705,Palo Pinto County,Texas
2706,Panola County,Texas
2707,Parker County,Texas
2708,Parmer County,Texas
2709,Pecos County,Texas
2710,Polk County,Texas
2711,Potter County,Texas
2712,Presidio County,Texas
2713,Rains County,Texas
2714,Randall County,Texas
2715,Reagan County,Texas
2716,Real County,Texas
2717,Red River County,Texas
2718,Reeves County,Texas
2719,Refugio County,Texas
2720,Roberts County,Texas
2721,Robertson County,Texas
2722,Rockwall County,Texas
2723,Runnels County,Texas
2724,Rusk County,Texas
2725,Sabine County,Texas
2726,San Augustine County,Texas
2727,San Jacinto County,Texas
2728,San Patricio County,Texas
2729,San Saba County,Texas
2730,Schleicher County,Texas
2731,Scurry County,Texas
2732,Shackelford County,Texas
2733,Shelby County,Texas
2734,Sherman County,Texas
2735,Smith County,Texas
2736,Somervell County,Texas
2737,Starr County,Texas
2738,Stephens County,Texas
2739,Sterling County,Texas
2740,Stonewall County,Texas
2741,Sutton County,Texas
2742,Swisher County,Texas
2743,Tarrant County,Texas
2744,Taylor County,Texas
2745,Terrell County,Texas
2746,Terry County,Texas
2747,Throckmorton County,Texas
2748,Titus County,Texas
2749,Tom Green County,Texas
2750,Travis County,Texas
2751,Trinity County,Texas
2752,Tyler County,Texas
2753,Upshur County,Texas
2754,Upton County,Texas
2755,Uvalde County,Texas
2756,Val Verde County,Texas
2757,Van Zandt County,Texas
2758,Victoria County,Texas
2759,Walker County,Texas
2760,Waller County,Texas
2761,Ward County,Texas
2762,Washington County,Texas
2763,Webb County,Texas
2764,Wharton County,Texas
2765,Wheeler County,Texas
2766,Wichita County,Texas
2767,Wilbarger County,Texas
2768,Willacy County,Texas
2769,Williamson County,Texas
2770,Wilson County,Texas
2771,Winkler County,Texas
2772,Wise County,Texas
2773,Wood County,Texas
2774,Yoakum County,Texas
2775,Young County,Texas
2776,Zapata County,Texas
2777,Zavala County,Texas
2778,Beaver County,Utah
2779,Box Elder County,Utah
2780,Cache County,Utah
2781,Carbon County,Utah
2782,Daggett County,Utah
2783,Davis County,Utah
2784,Duchesne County,Utah
2785,Emery County,Utah
2786,Garfield County,Utah
2787,Grand County,Utah
2788,Iron County,Utah
2789,Juab County,Utah
2790,Kane County,Utah
2791,Millard County,Utah
2792,Morgan County,Utah
2793,Piute County,Utah
2794,Rich County,Utah
2795,Salt Lake County,Utah
2796,San Juan County,Utah
2797,Sanpete County,Utah
2798,Sevier County,Utah
2799,Summit County,Utah
2800,Tooele County,Utah
2801,Uintah County,Utah
2802,Utah County,Utah
2803,Wasatch County,Utah
2804,Washington County,Utah
2805,Wayne County,Utah
2806,Weber County,Utah
2807,Addison County,Vermont
2808,Bennington County,Vermont
2809,Caledonia County,Vermont
2810,Chittenden County,Vermont
2811,Essex County,Vermont
2812,Franklin County,Vermont
2813,Grand Isle County,Vermont
2814,Lamoille County,Vermont
2815,Orange County,Vermont
2816,Orleans County,Vermont
2817,Rutland County,Vermont
2818,Washington County,Vermont
2819,Windham County,Vermont
2820,Windsor County,Vermont
2821,Accomack County,Virginia
2822,Albemarle County,Virginia
2823,Alleghany County,Virginia
2824,Amelia County,Virginia
2825,Amherst County,Virginia
2826,Appomattox County,Virginia
2827,Arlington County,Virginia
2828,Augusta County,Virginia
2829,Bath County,Virginia
2830,Bedford County,Virginia
2831,Bland County,Virginia
2832,Botetourt County,Virginia
2833,Brunswick County,Virginia
2834,Buchanan County,Virginia
2835,Buckingham County,Virginia
2836,Campbell County,Virginia
2837,Caroline County,Virginia
2838,Carroll County,Virginia
2839,Charles City County,Virginia
2840,Charlotte County,Virginia
2841,Chesterfield County,Virginia
2842,Clarke County,Virginia
2843,Craig County,Virginia
2844,Culpeper County,Virginia
2845,Cumberland County,Virginia
2846,Dickenson County,Virginia
2847,Dinwiddie County,Virginia
2848,Essex County,Virginia
2849,Fairfax County,Virginia
2850,Fauquier County,Virginia
2851,Floyd County,Virginia
2852,Fluvanna County,Virginia
2853,Franklin County,Virginia
2854,Frederick County,Virginia
2855,Giles County,Virginia
2856,Gloucester County,Virginia
2857,Goochland County,Virginia
2858,Grayson County,Virginia
2859,Greene County,Virginia
2860,Greensville County,Virginia
2861,Halifax County,Virginia
2862,Hanover County,Virginia
2863,Henrico County,Virginia
2864,Henry County,Virginia
2865,Highland County,Virginia
2866,Isle of Wight County,Virginia
2867,James City County,Virginia
2868,King and Queen County,Virginia
2869,King George County,Virginia
2870,King William County,Virginia
2871,Lancaster County,Virginia
2872,Lee County,Virginia
2873,Loudoun County,Virginia
2874,Louisa County,Virginia
2875,Lunenburg County,Virginia
2876,Madison County,Virginia
2877,Mathews County,Virginia
2878,Mecklenburg County,Virginia
2879,Middlesex County,Virginia
2880,Montgomery County,Virginia
2881,Nelson County,Virginia
2882,New Kent County,Virginia
2883,Northampton County,Virginia
2884,Northumberland County,Virginia
2885,Nottoway County,Virginia
2886,Orange County,Virginia
2887,Page County,Virginia
2888,Patrick County,Virginia
2889,Pittsylvania County,Virginia
2890,Powhatan County,Virginia
2891,Prince Edward County,Virginia
2892,Prince George County,Virginia
2893,Prince William County,Virginia
2894,Pulaski County,Virginia
2895,Rappahannock County,Virginia
2896,Richmond County,Virginia
2897,Roanoke County,Virginia
2898,Rockbridge County,Virginia
2899,Rockingham County,Virginia
2900,Russell County,Virginia
2901,Scott County,Virginia
2902,Shenandoah County,Virginia
2903,Smyth County,Virginia
2904,Southampton County,Virginia
2905,Spotsylvania County,Virginia
2906,Stafford County,Virginia
2907,Surry County,Virginia
2908,Sussex County,Virginia
2909,Tazewell County,Virginia
2910,Warren County,Virginia
2911,Washington County,Virginia
2912,Westmoreland County,Virginia
2913,Wise County,Virginia
2914,Wythe County,Virginia
2915,York County,Virginia
2916,"Alexandria, City of",Virginia
2917,"Bedford, City of",Virginia
2918,"Bristol, City of",Virginia
2919,"Buena Vista, City of",Virginia
2920,"Charlottesville, City of",Virginia
2921,"Chesapeake, City of",Virginia
2922,"Colonial Heights, City of",Virginia
2923,"Covington, City of",Virginia
2924,"Danville, City of",Virginia
2925,"Emporia, City of",Virginia
2926,"Fairfax, City of",Virginia
2927,"Falls Church, City of",Virginia
2928,"Franklin, City of",Virginia
2929,"Fredericksburg, City of",Virginia
2930,"Galax, City of",Virginia
2931,"Hampton, City of",Virginia
2932,"Harrisonburg, City of",Virginia
2933,"Hopewell, City of",Virginia
2934,"Lexington, City of",Virginia
2935,"Lynchburg, City of",Virginia
2936,"Manassas, City of",Virginia
2937,"Manassas Park, City of",Virginia
2938,"Martinsville, City of",Virginia
2939,"Newport News, City of",Virginia
2940,"Norfolk, City of",Virginia
2941,"Norton, City of",Virginia
2942,"Petersburg, City of",Virginia
2943,"Poquoson, City of",Virginia
2944,"Portsmouth, City of",Virginia
2945,"Radford, City of",Virginia
2946,"Richmond, City of",Virginia
2947,"Roanoke, City of",Virginia
2948,"Salem, City of",Virginia
2949,"Staunton, City of",Virginia
2950,"Suffolk, City of",Virginia
2951,"Virginia Beach, City of",Virginia
2952,"Waynesboro, City of",Virginia
2953,"Williamsburg, City of",Virginia
2954,"Winchester, City of",Virginia
2955,Adams County,Washington
2956,Asotin County,Washington
2957,Benton County,Washington
2958,Chelan County,Washington
2959,Clallam County,Washington
2960,Clark County,Washington
2961,Columbia County,Washington
2962,Cowlitz County,Washington
2963,Douglas County,Washington
2964,Ferry County,Washington
2965,Franklin County,Washington
2966,Garfield County,Washington
2967,Grant County,Washington
2968,Grays Harbor County,Washington
2969,Island County,Washington
2970,Jefferson County,Washington
2971,King County,Washington
2972,Kitsap County,Washington
2973,Kittitas County,Washington
2974,Klickitat County,Washington
2975,Lewis County,Washington
2976,Lincoln County,Washington
2977,Mason County,Washington
2978,Okanogan County,Washington
2979,Pacific County,Washington
2980,Pend Oreille County,Washington
2981,Pierce County,Washington
2982,San Juan County,Washington
2983,Skagit County,Washington
2984,Skamania County,Washington
2985,Snohomish County,Washington
2986,Spokane County,Washington
2987,Stevens County,Washington
2988,Thurston County,Washington
2989,Wahkiakum County,Washington
2990,Walla Walla County,Washington
2991,Whatcom County,Washington
2992,Whitman County,Washington
2993,Yakima County,Washington
2994,Barbour County,West Virginia
2995,Berkeley County,West Virginia
2996,Boone County,West Virginia
2997,Braxton County,West Virginia
2998,Brooke County,West Virginia
2999,Cabell County,West Virginia
3000,Calhoun County,West Virginia
3001,Clay County,West Virginia
3002,Doddridge County,West Virginia
3003,Fayette County,West Virginia
3004,Gilmer County,West Virginia
3005,Grant County,West Virginia
3006,Greenbrier County,West Virginia
3007,Hampshire County,West Virginia
3008,Hancock County,West Virginia
3009,Hardy County,West Virginia
3010,Harrison County,West Virginia
3011,Jackson County,West Virginia
3012,Jefferson County,West Virginia
3013,Kanawha County,West Virginia
3014,Lewis County,West Virginia
3015,Lincoln County,West Virginia
3016,Logan County,West Virginia
3017,McDowell County,West Virginia
3018,Marion County,West Virginia
3019,Marshall County,West Virginia
3020,Mason County,West Virginia
3021,Mercer County,West Virginia
3022,Mineral County,West Virginia
3023,Mingo County,West Virginia
3024,Monongalia County,West Virginia
3025,Monroe County,West Virginia
3026,Morgan County,West Virginia
3027,Nicholas County,West Virginia
3028,Ohio County,West Virginia
3029,Pendleton County,West Virginia
3030,Pleasants County,West Virginia
3031,Pocahontas County,West Virginia
3032,Preston County,West Virginia
3033,Putnam County,West Virginia
3034,Raleigh County,West Virginia
3035,Randolph County,West Virginia
3036,Ritchie County,West Virginia
3037,Roane County,West Virginia
3038,Summers County,West Virginia
3039,Taylor County,West Virginia
3040,Tucker County,West Virginia
3041,Tyler County,West Virginia
3042,Upshur County,West Virginia
3043,Wayne County,West Virginia
3044,Webster County,West Virginia
3045,Wetzel County,West Virginia
3046,Wirt County,West Virginia
3047,Wood County,West Virginia
3048,Wyoming County,West Virginia
3049,Adams County,Wisconsin
3050,Ashland County,Wisconsin
3051,Barron County,Wisconsin
3052,Bayfield County,Wisconsin
3053,Brown County,Wisconsin
3054,Buffalo County,Wisconsin
3055,Burnett County,Wisconsin
3056,Calumet County,Wisconsin
3057,Chippewa County,Wisconsin
3058,Clark County,Wisconsin
3059,Columbia County,Wisconsin
3060,Crawford County,Wisconsin
3061,Dane County,Wisconsin
3062,Dodge County,Wisconsin
3063,Door County,Wisconsin
3064,Douglas County,Wisconsin
3065,Dunn County,Wisconsin
3066,Eau Claire County,Wisconsin
3067,Florence County,Wisconsin
3068,Fond du Lac County,Wisconsin
3069,Forest County,Wisconsin
3070,Grant County,Wisconsin
3071,Green County,Wisconsin
3072,Green Lake County,Wisconsin
3073,Iowa County,Wisconsin
3074,Iron County,Wisconsin
3075,Jackson County,Wisconsin
3076,Jefferson County,Wisconsin
3077,Juneau County,Wisconsin
3078,Kenosha County,Wisconsin
3079,Kewaunee County,Wisconsin
3080,La Crosse County,Wisconsin
3081,Lafayette County,Wisconsin
3082,Langlade County,Wisconsin
3083,Lincoln County,Wisconsin
3084,Manitowoc County,Wisconsin
3085,Marathon County,Wisconsin
3086,Marinette County,Wisconsin
3087,Marquette County,Wisconsin
3088,Menominee County,Wisconsin
3089,Milwaukee County,Wisconsin
3090,Monroe County,Wisconsin
3091,Oconto County,Wisconsin
3092,Oneida County,Wisconsin
3093,Outagamie County,Wisconsin
3094,Ozaukee County,Wisconsin
3095,Pepin County,Wisconsin
3096,Pierce County,Wisconsin
3097,Polk County,Wisconsin
3098,Portage County,Wisconsin
3099,Price County,Wisconsin
3100,Racine County,Wisconsin
3101,Richland County,Wisconsin
3102,Rock County,Wisconsin
3103,Rusk County,Wisconsin
3104,St. Croix County,Wisconsin
3105,Sauk County,Wisconsin
3106,Sawyer County,Wisconsin
3107,Shawano County,Wisconsin
3108,Sheboygan County,Wisconsin
3109,Taylor County,Wisconsin
3110,Trempealeau County,Wisconsin
3111,Vernon County,Wisconsin
3112,Vilas County,Wisconsin
3113,Walworth County,Wisconsin
3114,Washburn County,Wisconsin
3115,Washington County,Wisconsin
3116,Waukesha County,Wisconsin
3117,Waupaca County,Wisconsin
3118,Waushara County,Wisconsin
3119,Winnebago County,Wisconsin
3120,Wood County,Wisconsin
3121,Albany County,Wyoming
3122,Big Horn County,Wyoming
3123,Campbell County,Wyoming
3124,Carbon County,Wyoming
3125,Converse County,Wyoming
3126,Crook County,Wyoming
3127,Fremont County,Wyoming
3128,Goshen County,Wyoming
3129,Hot Springs County,Wyoming
3130,Johnson County,Wyoming
3131,Laramie County,Wyoming
3132,Lincoln County,Wyoming
3133,Natrona County,Wyoming
3134,Niobrara County,Wyoming
3135,Park County,Wyoming
3136,Platte County,Wyoming
3137,Sheridan County,Wyoming
3138,Sublette County,Wyoming
3139,Sweetwater County,Wyoming
3140,Teton County,Wyoming
3141,Uinta County,Wyoming
3142,Washakie County,Wyoming
3143,Weston County,Wyoming
,,
For other more formats kindly visit www.downloadexcelfiles.com,,
,,
Original source : en.wikipedia.org/wiki/List_of_United_States_counties_and_county_equivalents,,